MEGS AND SAM CONSUMER GOODS TRADING,,,,,,,,,,
,,,,,,,,,,
,,,,,,,,,,
Name,,,,Total Number of Invested on Products,,,,," ₱123,187.50 ",
Address,,,,Total Number of Sales,,,,,0,
"City, State, ZIP",,,,Total Number of Sold Products,,,,,0,
Phone,,,,Total Estimated of Stocks (Unsold),,,,, ₱-   ,"3,423.00"
,,,,Total Estimated Value,,,,, ₱-   ,"₱262,365.00"
,,Purchase Information,,,,,,,,
Location,Description,Date,Capital Price, Price per. Product ,Number of Sales, Total  ,Stocks,Sold,Total number  of Unsold Products,Total Estimated Value
,1 Box Chalks 100 Sticks,,₱25.00, ₱45.00 ,, ₱-   ,1,,1,₱45.00
,1 Galloon Milkbath,,₱285.00, ₱480.00 ,, ₱-   ,1,,1,₱480.00
,1 500 grms Premium Body Lotion,,, ₱145.00 ,, ₱-   ,1,,1,₱145.00
,1 LITER Riche Light Essential Oil,,, ₱280.00 ,, ₱-   ,2,,2,₱560.00
,1/2 lengthwise,,, ₱15.00 ,, ₱-   ,20,,20,₱300.00
,1 whole  Paper,,, ₱25.00 ,, ₱-   ,10,,10,₱250.00
,1/2 Gallon  Kerabond Brazilian Botox (Black)MILD,,, ₱480.00 ,, ₱-   ,1,,1,₱480.00
,500mL Kerabond Brazilian Botox (Yellow)MILD,,, ₱190.00 ,, ₱-   ,1,,1,₱190.00
,Ranked REFIL ,,, ₱120.00 ,, ₱-   ,1,,1,₱120.00
,KINGTEX FOIL Curtain ,,, ₱35.00 ,, ₱-   ,4,,4,₱140.00
,KINGTEX  LETTER FOIL Curtain ,,, ₱65.00 ,, ₱-   ,6,,6,₱390.00
,70% Solution Alcohol  250ML,,, ₱75.00 ,, ₱-   ,1,,1,₱75.00
,70% Solution Alcohol  500ML,,, ₱130.00 ,, ₱-   ,2,,2,₱260.00
,16 PCS  Crayons BOX,,, ₱95.00 ,, ₱-   ,5,,5,₱475.00
,24 PCS  Crayons BOX,,, ₱120.00 ,, ₱-   ,3,,3,₱360.00
,888 500mL Lotion,,, ₱299.00 ,, ₱-   ,1,,1,₱299.00
,8 METERS pcs Correction Tape ,,, ₱35.00 ,, ₱-   ,17,,17,₱595.00
,A Bonne Collagen  LOTION 500mL,,₱220.00, ₱299.00 ,, ₱-   ,2,,2,₱598.00
,A Bonne Hokkaido LOTION 500mL,,, ₱299.00 ,, ₱-   ,4,,4,"₱1,196.00"
,A bonne Salt Sachet,,, ₱45.00 ,, ₱-   ,0,,0,₱0.00
,A bonne Spa Milk Salt 300g,,, ₱145.00 ,, ₱-   ,2,,2,₱290.00
,A bonne Spa Yogurt Salt 350g,,, ₱145.00 ,, ₱-   ,0,,0,₱0.00
,Aamarah BP Skin Soft STARTER KIT,,, ₱180.00 ,, ₱-   ,4,,4,₱720.00
,ABZ Eyeliner,,, ₱85.00 ,, ₱-   ,1,,1,₱85.00
,PILOT PERMANENT BLACK Marker ,,, ₱55.00 ,, ₱-   ,22,,22,"₱1,210.00"
,Adhesive Bra,,, ₱90.00 ,, ₱-   ,1,,1,₱90.00
,Adidas Slipper ,,, ₱175.00 ,, ₱-   ,1,,1,₱175.00
,Advance Swim Goggles,,, ₱35.00 ,, ₱-   ,0,,0,₱0.00
,ANGOLA Toothbrush,,, ₱15.00 ,, ₱-   ,11,,11,₱165.00
,Air Freshener,,, ₱30.00 ,, ₱-   ,2,,2,₱60.00
,Air Freshener 390mL,,, ₱85.00 ,, ₱-   ,0,,0,₱0.00
,Air Freshener 480mL,,, ₱180.00 ,, ₱-   ,1,,1,₱180.00
,Alada BIG,`,, ₱310.00 ,, ₱-   ,2,,2,₱620.00
,Alada SMALL,,, ₱240.00 ,, ₱-   ,1,,1,₱240.00
,Aloe Vera 92% Soothing Gel,,, ₱120.00 ,, ₱-   ,1,,1,₱120.00
,Aloe Vera 99% Conditioner,,, ₱85.00 ,, ₱-   ,1,,1,₱85.00
,Aloe Vera Soothing Gel,,, ₱120.00 ,, ₱-   ,2,,2,₱240.00
,Alpeler,,, ₱15.00 ,, ₱-   ,0,,0,₱0.00
,Amarah Skinsoft Toner 100mL,,, ₱180.00 ,, ₱-   ,2,,2,₱360.00
,Amazing Beauty Premium Rejuv,,, ₱180.00 ,, ₱-   ,3,,3,₱540.00
,AM pao Big,,, ₱15.00 ,, ₱-   ,1,,1,₱15.00
,Ang pao Small,,, ₱10.00 ,, ₱-   ,0,,0,₱0.00
,Applicator Brush,,, ₱90.00 ,, ₱-   ,0,,0,₱0.00
,Applicator Brush (Big),,₱39.00, ₱75.00 ,, ₱-   ,0,,0,₱0.00
,Applicator Brush (Small),,, ₱25.00 ,, ₱-   ,0,,0,₱0.00
,Applicator Brush (xs),,, ₱35.00 ,, ₱-   ,0,,0,₱0.00
,Arbutin 3c3 Extra Lotion 300mL,,, ₱310.00 ,, ₱-   ,4,,0,"₱1,240.00"
,Alpa Arbutin serum 500ml,,, ₱180.00 ,, ₱-   ,3,,3,₱540.00
,Armak Electrical Tape,,, ₱15.00 ,, ₱-   ,0,,0,₱0.00
,Armak Scotch Tape @15,,, ₱15.00 ,, ₱-   ,0,,0,₱0.00
,Armak Scotch Tape @20,,, ₱20.00 ,, ₱-   ,0,,0,₱0.00
,Armak Scotch Tape @25,,, ₱25.00 ,, ₱-   ,0,,0,₱0.00
,Armak Scotch Tape @35,,, ₱35.00 ,, ₱-   ,0,,0,₱0.00
,Art Cutter,,, ₱10.00 ,, ₱-   ,12,,12,₱120.00
,Art Designing Knives,,, ₱10.00 ,, ₱-   ,0,,0,₱0.00
,Art Paper ROLL,,, ₱15.00 ,, ₱-   ,5,,5,₱75.00
,ASGG Apple Cider GummiesVINEGAR,,, ₱250.00 ,, ₱-   ,1,,1,₱250.00
,ASGG Apple Cider Gummies COLLAGEN,,, ₱250.00 ,, ₱-   ,1,,1,₱250.00
,AshLey Shine Pure Liptint Floral Garden,,, ₱55.00 ,, ₱-   ,1,,1,₱55.00
,Ashley Brush,,, ₱65.00 ,, ₱-   ,3,,3,₱195.00
,Ashley Hair Serum BROWN,,, ₱150.00 ,, ₱-   ,2,,2,₱300.00
,Ashley Hair Serum Green ,,, ₱160.00 ,, ₱-   ,7,,7,"₱1,120.00"
,Ashley Karite Crystal Glam Tint,,, ₱55.00 ,, ₱-   ,3,,3,₱165.00
,Ashley Oxidant Cream 1L 18 %,,₱85.00, ₱105.00 ,, ₱-   ,0,,0,₱0.00
,Ashley Oxidixer 12% 1Liter,,₱85.00, ₱105.00 ,, ₱-   ,0,,0,₱0.00
,Ashley Oxidixer 6% 1Liter,,₱85.00, ₱105.00 ,, ₱-   ,1,,1,₱105.00
,Ashley Oxidixer 9% 1Liter,,₱85.00, ₱105.00 ,, ₱-   ,0,,0,₱0.00
,Ashley Oxidixer 12% 100ML,,₱18.00, ₱28.00 ,, ₱-   ,0,,0,₱0.00
,Ashley Oxidixer 6% 100ML,,₱18.00, ₱28.00 ,, ₱-   ,4,,4,₱112.00
,Ashley Oxidixer 9% 100ML,,₱18.00, ₱28.00 ,, ₱-   ,0,,0,₱0.00
,BREMOD Oxidixer 12% 100ML,,₱18.00, ₱28.00 ,, ₱-   ,1,,1,₱28.00
,BREMOD Oxidixer 6% 100ML,,₱18.00, ₱28.00 ,, ₱-   ,3,,3,₱84.00
,BREMOD Oxidixer 9% 100ML,,₱18.00, ₱28.00 ,, ₱-   ,3,,3,₱84.00
,Ashley Shine Blackening Shampoo,,, ₱30.00 ,, ₱-   ,0,,0,₱0.00
,Assorted Colored Paper (Long) ,,, ₱4.00 ,, ₱-   ,0,,0,₱0.00
,Assorted Colored Paper (Short) ,,, ₱3.00 ,, ₱-   ,0,,0,₱0.00
,Aulia Lotion AVON ,,, ₱235.00 ,, ₱-   ,1,,1,₱235.00
,Avon Care Lotion 225mL,,, ₱148.00 ,, ₱-   ,2,,2,₱296.00
,Avon Care Lotion 400mL,,, ₱209.00 ,, ₱-   ,2,,2,₱418.00
,Baby Toothbrush ,,, ₱8.00 ,, ₱-   ,0,,0,₱0.00
,Balloons KINGTEX,,, ₱90.00 ,, ₱-   ,1,,1,₱90.00
,Balloons DECOTEX,,, ₱90.00 ,, ₱-   ,1,,1,₱90.00
,BALLON 92T84 PACK,,, ₱60.00 ,, ₱-   ,10,,10,₱600.00
,BALLON HEARTSHAPE RED,,, ₱40.00 ,, ₱-   ,3,,3,₱120.00
,Ballpen Eule Blue,,, ₱10.00 ,, ₱-   ,23,,23,₱230.00
,Ballpen HBW Gel Pen,,, ₱10.00 ,, ₱-   ,97,,97,₱970.00
,Ballpen Panda Black,,, ₱10.00 ,, ₱-   ,0,,0,₱0.00
,Ballpen Panda Black/Classique,,, ₱10.00 ,, ₱-   ,20,,20,₱200.00
,Ballpen Panda RED/Crystal Tech Pen,,, ₱10.00 ,, ₱-   ,25,,25,₱250.00
,Ballpen Panda Blue,,, ₱10.00 ,, ₱-   ,0,,0,₱0.00
,Ballpen APPLE ,,, ₱10.00 ,, ₱-   ,10,,10,₱100.00
,Banner BIRTHDAY,,, ₱90.00 ,, ₱-   ,6,,6,₱540.00
,VALENTINES BANNER,,, ₱70.00 ,, ₱-   ,1,,1,₱70.00
,FOIL VALENTINES BALLON,,, ₱80.00 ,, ₱-   ,1,,1,₱80.00
,Baolilai Spray ,,, ₱75.00 ,, ₱-   ,0,,0,₱0.00
,KING MA SPRAY,,, ₱120.00 ,, ₱-   ,1,,1,₱120.00
,BOTIKI SPRAY,,, ₱75.00 ,, ₱-   ,1,,1,₱75.00
,Baosheng Sandal,,, ₱160.00 ,, ₱-   ,1,,1,₱160.00
,Barbers Cap,,, ₱165.00 ,, ₱-   ,0,,0,₱0.00
,Barbers Cap ,,, ₱90.00 ,, ₱-   ,0,,0,₱0.00
,Barbers Cap (Loreal),,, ₱110.00 ,, ₱-   ,0,,0,₱0.00
,Barbers Cap (nipis),,, ₱40.00 ,, ₱-   ,0,,0,₱0.00
,Barbers Cap (Violet),,, ₱90.00 ,, ₱-   ,0,,0,₱0.00
,Beauche Beauty Bar ,,₱40.00, ₱60.00 ,, ₱-   ,1,,1,₱60.00
,Beauty Love Skin Essentials  REJUV,,, ₱295.00 ,, ₱-   ,2,,2,₱590.00
,Beauty Milk CollagenSTRAWBERRY,,, ₱399.00 ,, ₱-   ,3,,3,"₱1,197.00"
,Beauty Milk Glutathione MELLON,,, ₱399.00 ,, ₱-   ,3,,3,"₱1,197.00"
,Beauty Vault Dietary Supplement ,,, ₱420.00 ,, ₱-   ,1,,1,₱420.00
,Beauty Vault Premium Soap,,, ₱115.00 ,, ₱-   ,0,,0,₱0.00
,Beauty Vault Adlaw sunscreen,,, ₱210.00 ,, ₱-   ,1,,1,₱210.00
,Beauty Vault TONER 120ML,,, ₱210.00 ,, ₱-   ,1,,1,₱210.00
,Beauty Vault REJUV SET,,, ₱290.00 ,, ₱-   ,8,,8,"₱2,320.00"
,Beauty Vault Tinted Sunblock Cream 50GRMS,,, ₱280.00 ,, ₱-   ,2,,2,₱560.00
,Beauty Vault MANNGA SUNSCREEN 50 GRMS,,, ₱200.00 ,, ₱-   ,3,,3,₱600.00
,Beauty Vault SUNBLOCK REFILL 10 GRMS,,, ₱65.00 ,, ₱-   ,0,,0,₱0.00
,Beauty Vault Whitening MAINTENANCE,,, ₱290.00 ,, ₱-   ,7,,7,"₱2,030.00"
,Beauty White Refill SOAP,,, ₱50.00 ,, ₱-   ,4,,4,₱200.00
,Eco Planet Tissue 480 g,,, ₱35.00 ,, ₱-   ,0,,0,₱0.00
,Bella Miss Baby Tissue,,, ₱20.00 ,, ₱-   ,0,,0,₱0.00
,Belt (Baga),,, ₱60.00 ,, ₱-   ,1,,1,₱60.00
,Belt (Nipis),,, ₱60.00 ,, ₱-   ,2,,2,₱120.00
,Big Pearl Pin (black),,, ₱25.00 ,, ₱-   ,4,,4,₱100.00
,Big Pearl Pin (COLORED),,, ₱25.00 ,, ₱-   ,17,,17,₱425.00
,Bigen Powder Dye,,, ₱30.00 ,, ₱-   ,4,,4,₱120.00
,Binder Clip,,, ₱1.50 ,, ₱-   ,0,,0,₱0.00
,Biodata ,,, ₱2.00 ,, ₱-   ,0,,0,₱0.00
,Birken SANDAL,,, ₱210.00 ,, ₱-   ,0,,0,₱0.00
,Birken For Men,,, ₱220.00 ,, ₱-   ,0,,0,₱0.00
,Birkens women,,, ₱180.00 ,, ₱-   ,0,,0,₱0.00
,Birkens women ,,, ₱199.00 ,, ₱-   ,0,,0,₱0.00
,Birthday Candle ,,, ₱15.00 ,, ₱-   ,0,,0,₱0.00
,Black Slipper Rubber channel,,, ₱225.00 ,, ₱-   ,5,,5,"₱1,125.00"
,Black Suade ROLL ON,,, ₱169.00 ,, ₱-   ,2,,2,₱338.00
,Blackwater Deo/Spray,,, ₱220.00 ,, ₱-   ,2,,2,₱440.00
,Blocks,,, ₱25.00 ,, ₱-   ,0,,0,₱0.00
,Blooming Skin Renew Set,,, ₱285.00 ,, ₱-   ,2,,2,₱570.00
,Blow Lash Ex36,,, ₱25.00 ,, ₱-   ,0,,0,₱0.00
,BMRS Niacinamide Glutathione,,, ₱50.00 ,, ₱-   ,10,,10,₱500.00
,Body Scrub,,, ₱20.00 ,, ₱-   ,0,,0,₱0.00
,Bomd Gel Polish Remover,,,,, ₱-   ,4,,4,₱0.00
,Bonita Himalayan Pink Salt 100mL,,, ₱180.00 ,, ₱-   ,1,,1,₱180.00
,Bonita Himalayan Pink Salt soap 80g,,, ₱170.00 ,, ₱-   ,6,,6,"₱1,020.00"
,Bonita Sunflower 100mL,,, ₱180.00 ,, ₱-   ,0,,0,₱0.00
,Bremod 10 n 1 mL Hair SERUM,,, ₱150.00 ,, ₱-   ,5,,5,₱750.00
,Bremod Collagen Hydrox 12% 1000ml OXI,,, ₱145.00 ,, ₱-   ,0,,0,₱0.00
,Bremod Collagen Hydrox 6% 1000ml OXI,,, ₱145.00 ,, ₱-   ,0,,0,₱0.00
,Bremod Collagen Hydrox 9% 1000ml OXI,,, ₱145.00 ,, ₱-   ,0,,0,₱0.00
,Bremod Hair Blower,,," ₱1,180.00 ",, ₱-   ,0,,0,₱0.00
,Bremod Hair Brightener 500g,,, ₱245.00 ,, ₱-   ,2,,2,₱490.00
,Bremod Hair Brightener series 500g,,, ₱330.00 ,, ₱-   ,1,,1,₱330.00
,Bremod Hair strong care hair mask 20ml,,₱15.00, ₱30.00 ,, ₱-   ,3,,3,₱90.00
,Bremod Hair Scissors,,, ₱250.00 ,, ₱-   ,0,,0,₱0.00
,Bremod Hair Straightener Iron,,," ₱1,300.00 ",, ₱-   ,0,,0,₱0.00
,Bremod hair protecting serum,,, ₱100.00 ,, ₱-   ,2,,2,₱200.00
,Bremod Performance Cocoa Butter Hair Mask,,, ₱30.00 ,, ₱-   ,2,,2,₱60.00
,Bremod Performance Hair Straightening,,, ₱350.00 ,, ₱-   ,0,,0,₱0.00
,Bremod Premium Series Oxidant Cream 12%,,, ₱145.00 ,, ₱-   ,0,,0,₱0.00
,Bremod Premium Series Oxidant Cream 6%,,, ₱145.00 ,, ₱-   ,0,,0,₱0.00
,Bremod Premium Series Oxidant Cream 9%,,, ₱145.00 ,, ₱-   ,0,,0,₱0.00
,Bremod Super Fading Bleaching Powder,,, ₱30.00 ,, ₱-   ,0,,0,₱0.00
,Bremod Top Smooth 50mL,,, ₱40.00 ,, ₱-   ,3,,3,₱120.00
,Bremod Yellow Keratin Silky Straight,,, ₱380.00 ,, ₱-   ,2,,2,₱760.00
,Bremod milk rebonding green ,,, ₱410.00 ,, ₱-   ,1,,1,₱410.00
,Bremond (Color) 0.00,,₱38.00, ₱45.00 ,, ₱-   ,3,,3,₱135.00
,Bremond (Color) 0.19,,₱38.00, ₱45.00 ,, ₱-   ,6,,6,₱270.00
,Bremond (Color) 0.22,,₱38.00, ₱45.00 ,, ₱-   ,2,,2,₱90.00
,Bremond (Color) 0.33,,₱38.00, ₱45.00 ,, ₱-   ,0,,0,₱0.00
,Bremond (Color) 0.45,,₱38.00, ₱45.00 ,, ₱-   ,3,,3,₱135.00
,Bremond (Color) 0.88,,₱38.00, ₱45.00 ,, ₱-   ,0,,0,₱0.00
,Bremond (Color) 10.0,,₱38.00, ₱45.00 ,, ₱-   ,2,,2,₱90.00
,Bremond (Color) 12.88,,₱38.00, ₱45.00 ,, ₱-   ,0,,0,₱0.00
,Bremond (Color) 2.0,,₱38.00, ₱45.00 ,, ₱-   ,3,,3,₱135.00
,Bremond (Color) 2.0,,₱38.00, ₱45.00 ,, ₱-   ,3,,3,₱135.00
,Bremond (Color) 3.0,,₱38.00, ₱45.00 ,, ₱-   ,2,,2,₱90.00
,Bremond (Color) 4.5,,₱38.00, ₱45.00 ,, ₱-   ,0,,0,₱0.00
,Bremond (Color) 44.77,,₱38.00, ₱45.00 ,, ₱-   ,0,,0,₱0.00
,Bremond (Color) 5.0,,₱38.00, ₱45.00 ,, ₱-   ,3,,3,₱135.00
,Bremond (Color) 5.17,,₱38.00, ₱45.00 ,, ₱-   ,0,,0,₱0.00
,Bremond (Color) 5.4,,₱38.00, ₱45.00 ,, ₱-   ,2,,2,₱90.00
,Bremond (Color) 5.5,,₱38.00, ₱45.00 ,, ₱-   ,3,,3,₱135.00
,Bremond (Color) 5.56,,₱38.00, ₱45.00 ,, ₱-   ,0,,0,₱0.00
,Bremond (Color) 6.0,,₱38.00, ₱45.00 ,, ₱-   ,4,,4,₱180.00
,Bremond (Color) 6.1,,₱38.00, ₱45.00 ,, ₱-   ,4,,4,₱180.00
,Bremond (Color) 6.17,,₱38.00, ₱45.00 ,, ₱-   ,0,,0,₱0.00
,Bremond (Color) 6.31,,₱38.00, ₱45.00 ,, ₱-   ,3,,3,₱135.00
,Bremond (Color) 7.0,,₱38.00, ₱45.00 ,, ₱-   ,2,,2,₱90.00
,Bremond (Color) 7.1,,₱38.00, ₱45.00 ,, ₱-   ,3,,3,₱135.00
,Bremond (Color) 7.17,,₱38.00, ₱45.00 ,, ₱-   ,0,,0,₱0.00
,Bremond (Color) 7.3,,₱38.00, ₱45.00 ,, ₱-   ,2,,2,₱90.00
,Bremond (Color) 7.31,,₱38.00, ₱45.00 ,, ₱-   ,1,,1,₱45.00
,Bremond (Color) 7.37,,₱38.00, ₱45.00 ,, ₱-   ,6,,6,₱270.00
,Bremond (Color) 7.5,,₱38.00, ₱45.00 ,, ₱-   ,3,,3,₱135.00
,Bremond (Color) 7.56,,₱38.00, ₱45.00 ,, ₱-   ,0,,0,₱0.00
,Bremond (Color) 7.7,,₱38.00, ₱45.00 ,, ₱-   ,2,,2,₱90.00
,Bremond (Color) 8.0,,₱38.00, ₱45.00 ,, ₱-   ,3,,3,₱135.00
,Bremond (Color) 8.1,,₱38.00, ₱45.00 ,, ₱-   ,3,,3,₱135.00
,Bremond (Color) 8.10,,₱38.00, ₱45.00 ,, ₱-   ,1,,1,₱45.00
,Bremond (Color) 8.16,,₱38.00, ₱45.00 ,, ₱-   ,1,,1,₱45.00
,Bremond (Color) 8.17,,₱38.00, ₱45.00 ,, ₱-   ,1,,1,₱45.00
,Bremond (Color) 8.2,,₱38.00, ₱45.00 ,, ₱-   ,3,,3,₱135.00
,Bremond (Color) 8.3,,₱38.00, ₱45.00 ,, ₱-   ,0,,0,₱0.00
,Bremond (Color) 8.33,,₱38.00, ₱45.00 ,, ₱-   ,0,,0,₱0.00
,Bremond (Color) 8.43,,₱38.00, ₱45.00 ,, ₱-   ,0,,0,₱0.00
,Bremond (Color) 8.45,,₱38.00, ₱45.00 ,, ₱-   ,0,,0,₱0.00
,Bremond (Color) 8.77,,₱38.00, ₱45.00 ,, ₱-   ,0,,0,₱0.00
,Bremond (Color) 9.0,,₱38.00, ₱45.00 ,, ₱-   ,2,,2,₱90.00
,Bremond (Color) 9.01,,₱38.00, ₱45.00 ,, ₱-   ,3,,3,₱135.00
,Bremond (Color) 9.3,,₱38.00, ₱45.00 ,, ₱-   ,3,,3,₱135.00
,Bremond (Color) 9.7,,₱38.00, ₱45.00 ,, ₱-   ,0,,0,₱0.00
,Brilliant  Toner 135mL,,, ₱220.00 ,, ₱-   ,4,,4,₱880.00
,Brilliant  Toner 60mL,,, ₱110.00 ,, ₱-   ,6,,6,₱660.00
,Brilliant Skin Kojic soap 70 g,,, ₱60.00 ,, ₱-   ,1,,1,₱60.00
,Brilliant Skin Kojic soap 135 g,,, ₱115.00 ,, ₱-   ,1,,1,₱115.00
,Brilliant Skin Rejuv set,,, ₱310.00 ,, ₱-   ,3,,3,₱930.00
,Brilliant Skin Rejuv set micro expoliating,,, ₱310.00 ,, ₱-   ,3,,3,₱930.00
,Brilliant Skin Tinted Sunscreen 20g  ,,, ₱200.00 ,, ₱-   ,1,,1,₱200.00
,Brilliant Skin Whitening Set,,, ₱340.00 ,, ₱-   ,2,,2,₱680.00
,Brilliant Sunscreen Gel Cream 13g,,, ₱100.00 ,, ₱-   ,5,,5,₱500.00
,Brilliant Sunscreen Gel Cream 50g,,, ₱320.00 ,, ₱-   ,6,,6,"₱1,920.00"
,Brow EYELINER Brush (Long),,, ₱25.00 ,, ₱-   ,16,,16,₱400.00
,Brow EYELINER Brush (Short),,, ₱65.00 ,, ₱-   ,2,,2,₱130.00
,Brown Slipper,,, ₱100.00 ,, ₱-   ,0,,0,₱0.00
,BS Skin Essentials Rejuv Set,,, ₱220.00 ,, ₱-   ,4,,4,₱880.00
,Bugkot #001,,, ₱30.00 ,, ₱-   ,0,,0,₱0.00
,Bugkot @10p telecor,,, ₱10.00 ,, ₱-   ,0,,0,₱0.00
,Bugkot @15p,,, ₱15.00 ,, ₱-   ,0,,0,₱0.00
,Bugkot @20p,,, ₱20.00 ,, ₱-   ,22,,22,₱440.00
,Bugkot @25p,,, ₱25.00 ,, ₱-   ,5,,5,₱125.00
,Butterfly Shadow Hair Spray 150mL,,, ₱95.00 ,, ₱-   ,2,,2,₱190.00
,Butterfly Shadow Hair Spray 320mL,,, ₱120.00 ,, ₱-   ,4,,4,₱480.00
,Butterfly Shadow Hair Spray 600mL,,, ₱220.00 ,, ₱-   ,0,,0,₱0.00
,CAPADOSA skin whitening,,, ₱285.00 ,, ₱-   ,3,,3,₱855.00
,CAPADOSA skin whiteningbotox,,, ₱285.00 ,, ₱-   ,1,,1,₱285.00
,Caffe Machiatto 8 sachets avocado,,, ₱399.00 ,, ₱-   ,1,,1,₱399.00
,Caffe Machiatto 8 sachets COFFEE,,, ₱390.00 ,, ₱-   ,3,,3,"₱1,170.00"
,Caffe Machiatto REFILL sachets COFFEE,,, ₱40.00 ,, ₱-   ,5,,5,₱200.00
,Canvovi Calculator,,, ₱150.00 ,, ₱-   ,0,,0,₱0.00
,Card Case B5 clear plastic,,, ₱30.00 ,, ₱-   ,0,,0,₱0.00
,Cargo Pants CODE 2019 XL,,, ₱290.00 ,, ₱-   ,1,,1,₱290.00
,TROUSER L9202 XL,,, ₱330.00 ,, ₱-   ,1,,1,₱330.00
,TROUSER L9205 L,,, ₱330.00 ,, ₱-   ,1,,1,₱330.00
,TROUSER L9205 XL,,, ₱330.00 ,, ₱-   ,1,,1,₱330.00
,TROUSER L2155 XL,,, ₱350.00 ,, ₱-   ,1,,1,₱350.00
,TROUSER S001 ,,, ₱199.00 ,, ₱-   ,2,,2,₱398.00
,TROUSER WHITE B L,,, ₱199.00 ,, ₱-   ,1,,1,₱199.00
,ADIDAS JOGGING PANTS,,, ₱180.00 ,, ₱-   ,2,,2,₱360.00
,PALDA DENIM BLUE  LARGE 4024,,, ₱300.00 ,, ₱-   ,1,,1,₱300.00
,PALDA BLACK 662,,, ₱350.00 ,, ₱-   ,1,,1,₱350.00
,TROUSER NAVY BLUE,,, ₱280.00 ,, ₱-   ,1,,1,₱280.00
,CARONIA Nail Polish 15mL,,₱54.00, ₱65.00 ,, ₱-   ,0,,0,₱0.00
,Creations Spa essentials,,, ₱160.00 ,, ₱-   ,11,,11,"₱1,760.00"
,CARONIA Nail Polish 8mL,,₱36.85, ₱65.00 ,, ₱-   ,0,,0,₱0.00
,Cartolina ,,, ₱10.00 ,, ₱-   ,6,,6,₱60.00
,Cash Voucher ,,, ₱10.00 ,, ₱-   ,0,,0,₱0.00
,Cellphone Chain @60,,, ₱60.00 ,, ₱-   ,0,,0,₱0.00
,Cellphone Chain@45,,, ₱45.00 ,, ₱-   ,0,,0,₱0.00
,Chamois,,, ₱80.00 ,, ₱-   ,0,,0,₱0.00
,Check Deo MEN AND WOMEN,,, ₱120.00 ,, ₱-   ,3,,3,₱360.00
,Chel Niacinamide Gold Serum,,, ₱200.00 ,, ₱-   ,3,,3,₱600.00
,Chel Niacinamide Whitening Lotion 200mL,,, ₱270.00 ,, ₱-   ,1,,1,₱270.00
,Chel Sunscreen Gel Cream,,, ₱180.00 ,, ₱-   ,2,,2,₱360.00
,Chel Tinted Premium Sunscreen ,,, ₱220.00 ,, ₱-   ,1,,1,₱220.00
,Chel INSTANT GLOW WHITENING Sunscreen ,,, ₱180.00 ,, ₱-   ,3,,3,₱540.00
,Cherry White,,, ₱50.00 ,, ₱-   ,17,,17,₱850.00
,Choco Sandwich Popsicle ,,, ₱5.00 ,, ₱-   ,0,,0,₱0.00
,Chocolate Gold Coins PCS,,, ₱2.00 ,, ₱-   ,31,,31,₱62.00
,Chocolate Milk Chocolate + Cookies ,,, ₱5.00 ,, ₱-   ,11,,11,₱55.00
,Choctaek Foil Roll (10cm),,, ₱80.00 ,, ₱-   ,0,,0,₱0.00
,Choctaek Foil Roll (15cm),,, ₱108.00 ,, ₱-   ,0,,0,₱0.00
,Christian Dior Wallet ,,, ₱90.00 ,, ₱-   ,2,,2,₱180.00
,Clear Book (Long),,, ₱37.00 ,, ₱-   ,6,,6,₱222.00
,Clear Book (Short),,, ₱33.00 ,, ₱-   ,0,,0,₱0.00
,Cleene Coton (50g),,, ₱80.00 ,, ₱-   ,0,,0,₱0.00
,Color Pen ,,, ₱17.00 ,, ₱-   ,0,,0,₱0.00
,Colored Pins,,, ₱18.00 ,, ₱-   ,0,,0,₱0.00
,Colour Pencil,,, ₱17.00 ,, ₱-   ,0,,0,₱0.00
,Colour Ribbon xs @15,,, ₱45.00 ,, ₱-   ,0,,0,₱0.00
,Condioner Gallon,,₱285.00, ₱390.00 ,, ₱-   ,0,,0,₱0.00
,Cool-its Assorted ,,, ₱160.00 ,, ₱-   ,4,,4,₱640.00
,Coolsie Sandal,,, ₱180.00 ,, ₱-   ,0,,0,₱0.00
,Cord I.D. Green,,, ₱15.00 ,, ₱-   ,0,,0,₱0.00
,Correction Tape ,,, ₱35.00 ,, ₱-   ,0,,0,₱0.00
,Correction Tape (8m),,, ₱30.00 ,, ₱-   ,0,,0,₱0.00
,Correction Tape (Small),,, ₱10.00 ,, ₱-   ,0,,0,₱0.00
,Correction Tape 6m,,, ₱35.00 ,, ₱-   ,0,,,₱0.00
,Correction tape 2n1,,, ₱50.00 ,, ₱-   ,0,,0,₱0.00
,Correction tape (8),,, ₱20.00 ,, ₱-   ,0,,0,₱0.00
,Correction tape 25(6m),,, ₱25.00 ,, ₱-   ,0,,1,₱0.00
,Correction tape(36),,, ₱35.00 ,, ₱-   ,0,,0,₱0.00
,Cosmetic Brushes ,,, ₱40.00 ,, ₱-   ,2,,2,₱80.00
,Happy cotton 10 grms,,, ₱12.00 ,, ₱-   ,1,,1,₱12.00
, Happy cotton 40grms,,, ₱40.00 ,, ₱-   ,2,,2,₱80.00
,Cotton Buds #1,,, ₱25.00 ,, ₱-   ,7,,7,₱175.00
,Cotton Buds #2,,, ₱30.00 ,, ₱-   ,0,,0,₱0.00
,Construction paper long,,, ₱4.00 ,, ₱-   ,0,,0,₱0.00
,Construction paper short,,, ₱3.00 ,, ₱-   ,0,,0,₱0.00
,Cotton Buds #3,,, ₱20.00 ,, ₱-   ,0,,0,₱0.00
,Cotton Buds Sachet,,, ₱15.00 ,, ₱-   ,0,,0,₱0.00
,Crocs Kids Sandal,,, ₱200.00 ,, ₱-   ,1,,1,₱200.00
,Crocs Women,,, ₱135.00 ,, ₱-   ,0,,0,₱0.00
,Curae Cream,,, ₱180.00 ,, ₱-   ,4,,4,₱720.00
,Cuticle Remover ,,, ₱10.00 ,, ₱-   ,0,,0,₱0.00
,Cuticle Tint 1 LITER ,,, ₱170.00 ,, ₱-   ,1,,1,₱170.00
,Dior Slipper,,, ₱150.00 ,, ₱-   ,1,,1,₱150.00
,Disposable Face Mask Baby,,, ₱60.00 ,, ₱-   ,2,,2,₱120.00
,Dito Sim,,, ₱50.00 ,, ₱-   ,1,,1,₱50.00
,Dorco Blade PCS,,, ₱7.00 ,, ₱-   ,20,,20,₱140.00
,Double LinING Top,,, ₱100.00 ,, ₱-   ,11,,11,"₱1,100.00"
,Dr. Alvin Kojic Acid Soap,,, ₱110.00 ,, ₱-   ,1,,1,₱110.00
,Dr. Alvin Rejuv Set,,, ₱280.00 ,, ₱-   ,4,,4,"₱1,120.00"
,Dr. Alvin Whitening Sunscreen Cream Gel,,, ₱120.00 ,, ₱-   ,5,,5,₱600.00
,Dr. Alvin Toner 120 Ml,,, ₱180.00 ,, ₱-   ,2,,2,₱360.00
,Dress Kids Girl,,, ₱180.00 ,, ₱-   ,4,,4,₱720.00
,Dress w/Pearl,,, ₱220.00 ,, ₱-   ,0,,0,₱0.00
,Dry KNITTED Fit TSHRT,,, ₱235.00 ,, ₱-   ,7,,7,"₱1,645.00"
0,Duct Tape (Big),,, ₱140.00 ,, ₱-   ,0,,0,₱0.00
,Duct Tape (Small),,, ₱60.00 ,, ₱-   ,0,,0,₱0.00
,FEATHER Duster (for Abog),,, ₱70.00 ,, ₱-   ,0,,0,₱0.00
,DRESS FLORAL YELLOW,,, ₱180.00 ,, ₱-   ,1,,1,₱180.00
,DRESS PLAIN WHITE,,, ₱180.00 ,, ₱-   ,1,,1,₱180.00
,JUMP SUIT PINK,,, ₱180.00 ,, ₱-   ,1,,1,₱180.00
,BLOUSE OODBOO,,, ₱199.00 ,, ₱-   ,3,,3,₱597.00
,BLOUSE FLORAL ,,, ₱199.00 ,, ₱-   ,2,,2,₱398.00
,BLOUSE FLORAL OODBOO,,, ₱330.00 ,, ₱-   ,2,,2,₱660.00
,BLOUSE FLORAL 8079,,, ₱330.00 ,, ₱-   ,3,,3,₱990.00
,FLORAL DRAGON SPORT POLO,,, ₱250.00 ,, ₱-   ,3,,3,₱750.00
,FLORAL BLOUSE 6630,,, ₱330.00 ,,,1,,1,₱330.00
,BLOUSE POLO 3101,,, ₱330.00 ,, ₱-   ,4,,4,"₱1,320.00"
,TOPS SPAGHETTI,,, ₱130.00 ,, ₱-   ,4,,4,₱520.00
,TOPS 063 KNITTED,,, ₱200.00 ,, ₱-   ,2,,2,₱400.00
,BRA SPORTS,,, ₱95.00 ,, ₱-   ,5,,5,₱475.00
,SPAGHETTI TOPS W/ PADDING,,, ₱130.00 ,, ₱-   ,3,,3,₱390.00
,SLEVELESS FLORAL,,, ₱100.00 ,, ₱-   ,2,,2,₱200.00
,SANDO BLACK FOR MEN,,, ₱150.00 ,, ₱-   ,2,,2,₱300.00
,TUBE TOPS  ASST COLOR,,, ₱100.00 ,, ₱-   ,15,,15,"₱1,500.00"
,SEXY TOPS ,,, ₱199.00 ,, ₱-   ,2,,2,₱398.00
,KIDS SPAGHETTI DRESS,,, ₱99.00 ,, ₱-   ,6,,6,₱594.00
,TERNO KIDS BOY,,, ₱180.00 ,, ₱-   ,3,,3,₱540.00
,TERNO ADULT GIRL,,, ₱220.00 ,, ₱-   ,6,,6,"₱1,320.00"
,TERNO SLEEPWEAR,,, ₱180.00 ,, ₱-   ,2,,2,₱360.00
,CULDOROY SHORT (TENTATIVE),,, ₱250.00 ,, ₱-   ,3,,3,₱750.00
,SHORT NIPIS GIRL,,, ₱100.00 ,, ₱-   ,3,,3,₱300.00
,SMILE Z SEXY TOPS WHITE,,, ₱200.00 ,, ₱-   ,1,,1,₱200.00
,SPAGHETTI SEXY TOPS BROWN,,, ₱180.00 ,, ₱-   ,1,,1,₱180.00
,SHEIN WHITE BLOUSE,,, ₱120.00 ,, ₱-   ,1,,1,₱120.00
,TURTLE NECK SLEVELESS GRAY ,,, ₱130.00 ,, ₱-   ,2,,2,₱260.00
,SHORT BOY ,,, ₱150.00 ,, ₱-   ,3,,3,₱450.00
,RUSH GUARD BLACK,,, ₱180.00 ,, ₱-   ,1,,1,₱180.00
,Duster Dress,,, ₱350.00 ,, ₱-   ,2,,2,₱700.00
,Ear PICK FALSHLIGHT,,, ₱25.00 ,, ₱-   ,5,,5,₱125.00
,Ear CANDLE ,,, ₱25.00 ,, ₱-   ,4,,4,₱100.00
,Easy Write Grade 4,,, ₱15.00 ,, ₱-   ,0,,0,₱0.00
,Empress Fem Wash,,, ₱140.00 ,, ₱-   ,0,,0,₱0.00
,Empty Container Spray  ,,, ₱20.00 ,, ₱-   ,2,,2,₱40.00
,Envelope (Sobre) white,,, ₱4.00 ,, ₱-   ,150,,150,₱600.00
,Expanded Envelope BIG,,, ₱30.00 ,, ₱-   ,20,,20,₱600.00
,Expanded Envelope Small,,, ₱25.00 ,, ₱-   ,0,,0,₱0.00
,Eyelash Adhesive,,, ₱50.00 ,, ₱-   ,13,,13,₱650.00
,Eyelash Curler ,,, ₱35.00 ,, ₱-   ,0,,0,₱0.00
,Eyelash Tweezer,,, ₱35.00 ,, ₱-   ,0,,0,₱0.00
,EYELASH D,,, ₱99.00 ,, ₱-   ,4,,4,₱396.00
,Eyelash with Box,,, ₱135.00 ,, ₱-   ,1,,1,₱135.00
,ASHLEY SUPER liner Water Proof,,, ₱60.00 ,, ₱-   ,5,,5,₱300.00
,EYEBROW MASCARA,,, ₱60.00 ,, ₱-   ,2,,2,₱120.00
,Face Mask 3D ,,, ₱25.00 ,, ₱-   ,4,,4,₱100.00
,Face Mask Big PACK,,, ₱60.00 ,, ₱-   ,12,,12,₱720.00
,Face Mas KF94 BIG,,, ₱35.00 ,, ₱-   ,10,,10,₱350.00
,Face Mask Kids,,, ₱60.00 ,, ₱-   ,6,,6,₱360.00
,Face Mask KN95,,, ₱35.00 ,, ₱-   ,6,,6,₱210.00
,Face Mask TELA FASHION,,, ₱35.00 ,, ₱-   ,2,,2,₱70.00
,Fairy Skin SPF 50 Brightening Sunscreen,,, ₱250.00 ,, ₱-   ,2,,2,₱500.00
,PREMUIM BRIGHTENING KIT SET,,, ₱340.00 ,, ₱-   ,4,,4,"₱1,360.00"
,Fairy Skin DERMA FACIAL KIT  SET,,, ₱340.00 ,, ₱-   ,6,,6,"₱2,040.00"
,Fan (Pay-pay),,, ₱45.00 ,, ₱-   ,8,,8,₱360.00
,Fashion Jewelry EARING,,, ₱35.00 ,, ₱-   ,35,,35,"₱1,225.00"
,Fashion Sandal,,, ₱160.00 ,, ₱-   ,0,,0,₱0.00
,Feeling Fresh Deo QUELCH,,, ₱119.00 ,, ₱-   ,9,,9,"₱1,071.00"
,Feminine Comfort Napkin Blue,,, ₱280.00 ,, ₱-   ,1,,1,₱280.00
,Feminine Comfort Napkin Green,,, ₱250.00 ,, ₱-   ,6,,6,"₱1,500.00"
,Feminine Comfort Napkin Pink,,, ₱250.00 ,, ₱-   ,0,,0,₱0.00
,Fine Tweezers (Black),,, ₱80.00 ,, ₱-   ,0,,0,₱0.00
,Fit Gum Collagen Chia Coffee Mix PACK,,, ₱250.00 ,, ₱-   ,4,,4,"₱1,000.00"
,Fit Gum Collagen Chia Coffee MIX SACHET,,, ₱4.00 ,, ₱-   ,50,,50,₱200.00
,Foot Socks 3 IN 1 PACK,,, ₱50.00 ,, ₱-   ,3,,3,₱150.00
,For Men Fearless B/Spray,,, ₱195.00 ,, ₱-   ,0,,0,₱0.00
,For Men PC B/Spray,,, ₱195.00 ,, ₱-   ,3,,3,₱585.00
,Freshies Avocado ,,, ₱380.00 ,, ₱-   ,2,,2,₱760.00
,Fruity Pink (1000mL) 1 Galloon,,, ₱390.00 ,, ₱-   ,2,,2,₱780.00
,Fusion (Color) 0.00,,₱42.00, ₱48.00 ,, ₱-   ,1,,1,₱48.00
,Fusion (Color) 0.11,,₱42.00, ₱48.00 ,, ₱-   ,3,,3,₱144.00
,Fusion (Color) 0.22,,₱42.00, ₱48.00 ,, ₱-   ,0,,0,₱0.00
,Fusion (Color) 0.33,,₱42.00, ₱48.00 ,, ₱-   ,0,,0,₱0.00
,Fusion (Color) 12.11,,₱42.00, ₱48.00 ,, ₱-   ,0,,0,₱0.00
,Fusion (Color) 2.0,,₱42.00, ₱48.00 ,, ₱-   ,1,,1,₱48.00
,Fusion (Color) 3.0,,₱42.00, ₱48.00 ,, ₱-   ,1,,1,₱48.00
,Fusion (Color) 4.0,,₱42.00, ₱48.00 ,, ₱-   ,0,,0,₱0.00
,Fusion (Color) 5.0,,₱42.00, ₱48.00 ,, ₱-   ,2,,2,₱96.00
,Fusion (Color) 5.3,,₱42.00, ₱48.00 ,, ₱-   ,3,,3,₱144.00
,Fusion (Color) 5.5,,₱42.00, ₱48.00 ,, ₱-   ,0,,0,₱0.00
,Fusion (Color) 6.0,,₱42.00, ₱48.00 ,, ₱-   ,0,,0,₱0.00
,Fusion (Color) 6.11,,₱42.00, ₱48.00 ,, ₱-   ,3,,3,₱144.00
,Fusion (Color) 6.75,,₱42.00, ₱48.00 ,, ₱-   ,0,,0,₱0.00
,Fusion (Color) 7.0,,₱42.00, ₱48.00 ,, ₱-   ,0,,0,₱0.00
,Fusion (Color) 7.3,,₱42.00, ₱48.00 ,, ₱-   ,3,,3,₱144.00
,Fusion (Color) 7.5,,₱42.00, ₱48.00 ,, ₱-   ,3,,3,₱144.00
,Fusion (Color) 8.0,,₱42.00, ₱48.00 ,, ₱-   ,3,,3,₱144.00
,Fusion (Color) 8.11,,₱42.00, ₱48.00 ,, ₱-   ,2,,2,₱96.00
,Fusion (Color) 8.33,,₱42.00, ₱48.00 ,, ₱-   ,0,,0,₱0.00
,Fusion (Color) 8.43,,₱42.00, ₱48.00 ,, ₱-   ,0,,0,₱0.00
,Fusion (Color) 9.0,,₱42.00, ₱48.00 ,, ₱-   ,0,,0,₱0.00
,Fusion (Color) 9.11,,₱42.00, ₱48.00 ,, ₱-   ,1,,1,₱48.00
,Fusion (Color) 9.3,,₱42.00, ₱48.00 ,, ₱-   ,3,,3,₱144.00
,Fusion (Color) F10.60,,₱42.00, ₱48.00 ,, ₱-   ,0,,0,₱0.00
,Fusion (Color) F12.16,,₱42.00, ₱48.00 ,, ₱-   ,2,,2,₱96.00
,Fusion (Color) F12.18,,₱42.00, ₱48.00 ,, ₱-   ,0,,0,₱0.00
,Fusion (Color) F9.18,,₱42.00, ₱48.00 ,, ₱-   ,0,,0,₱0.00
,Fusion 6% Developer Cream 1000mL,,, ₱145.00 ,, ₱-   ,0,,0,₱0.00
,Fusion Oxidizer 6% Big ,,, ₱145.00 ,, ₱-   ,0,,0,₱0.00
,Fusion Oxidizer 9% Big ,,, ₱145.00 ,, ₱-   ,0,,0,₱0.00
,Fusion Sachet Purple Shampoo,,, ₱30.00 ,, ₱-   ,5,,5,₱150.00
,Geisha 3pcs Value Pack Soap,,, ₱170.00 ,, ₱-   ,3,,3,₱510.00
,Gel Ink Pen 0.5mm,,, ₱10.00 ,, ₱-   ,0,,0,₱0.00
,Genius 1/2 crosswise,,, ₱15.00 ,, ₱-   ,0,,0,₱0.00
,Genius Intermediate Pad,,, ₱25.00 ,, ₱-   ,0,,0,₱0.00
,Gillette Shaver,,, ₱25.00 ,, ₱-   ,10,,10,₱250.00
,GIMI Sandal (AssortedSize/Color),,, ₱199.00 ,, ₱-   ,0,,0,₱0.00
,Glitter Glue,,, ₱20.00 ,, ₱-   ,0,,0,₱0.00
,Globe (Big),,, ₱50.00 ,, ₱-   ,0,,0,₱0.00
,Globe (Small),,, ₱40.00 ,, ₱-   ,0,,0,₱0.00
,Glue Joy,,, ₱20.00 ,, ₱-   ,12,,12,₱240.00
,Glue elmers,,, ₱35.00 ,, ₱-   ,0,,0,₱0.00
,Glue  White 2in1,,, ₱17.00 ,, ₱-   ,0,,0,₱0.00
,Glue Gun,,, ₱120.00 ,, ₱-   ,0,,0,₱0.00
,Glue Stick (Big),,, ₱15.00 ,, ₱-   ,12,,12,₱180.00
,Glue Stick (small),,, ₱5.00 ,, ₱-   ,12,,12,₱60.00
,Gluta 2in1 Original Soap,,, ₱40.00 ,, ₱-   ,7,,7,₱280.00
,Gluta Kojic Original Soap,,, ₱40.00 ,, ₱-   ,3,,3,₱120.00
,Glutation original soap WHITE,,, ₱40.00 ,, ₱-   ,5,,5,₱200.00
,Gluta Lipo COFEE 12 IN 1,,, ₱390.00 ,, ₱-   ,1,,1,₱390.00
,Gluta Lipo COFEE,,, ₱390.00 ,, ₱-   ,1,,1,₱390.00
,Glutalight LOTION 180mL,,, ₱255.00 ,, ₱-   ,0,,0,₱0.00
,Glutathione Deo,,, ₱115.00 ,, ₱-   ,1,,1,₱115.00
,GlutaLIGHT WHITENING SOAP,,, ₱125.00 ,, ₱-   ,3,,3,₱375.00
,GLUE Eyelashes,,, ₱99.00 ,, ₱-   ,0,,0,₱0.00
,Gold Bracelet,,, ₱80.00 ,, ₱-   ,2,,2,₱160.00
,Gold Earrings ,,, ₱30.00 ,, ₱-   ,4,,4,₱120.00
,Gold Earrings @30,,, ₱30.00 ,, ₱-   ,0,,0,₱0.00
,Gold Jewelry Set,,, ₱80.00 ,, ₱-   ,0,,0,₱0.00
,Golden Dust SOAP,,, ₱70.00 ,, ₱-   ,3,,3,₱210.00
,Gorree AVOCADO,,, ₱220.00 ,, ₱-   ,5,,5,"₱1,100.00"
,Gorree Day&Night,,, ₱220.00 ,, ₱-   ,1,,1,₱220.00
,Gorree Gold ,,₱150.00, ₱220.00 ,, ₱-   ,7,,7,"₱1,540.00"
,Grade 4 Pad,,, ₱15.00 ,, ₱-   ,0,,0,₱0.00
,Graphing Paper,,, ₱2.00 ,, ₱-   ,0,,0,₱0.00
,Green Sandal,,, ₱200.00 ,, ₱-   ,0,,0,₱0.00
,GTX Birken Sandal,,, ₱160.00 ,, ₱-   ,0,,0,₱0.00
,GTX Sandal,,, ₱185.00 ,, ₱-   ,1,,1,₱185.00
,GTX SNDAL,,, ₱180.00 ,, ₱-   ,3,,3,₱540.00
,GTX KIDS,,, ₱160.00 ,, ₱-   ,1,,1,₱160.00
,Gucci Sandal,,, ₱150.00 ,, ₱-   ,0,,0,₱0.00
,Gunting Small,,, ₱10.00 ,, ₱-   ,0,,0,₱0.00
,Habibi Skin SET GLOWING,,, ₱340.00 ,, ₱-   ,6,,6,"₱2,040.00"
,Habibi BABAD SOAP,,, ₱180.00 ,, ₱-   ,7,,7,"₱1,260.00"
,Habibi PREMIUM  Rejuv,,, ₱290.00 ,, ₱-   ,6,,6,"₱1,740.00"
,Habibi Soap  REFIL,,, ₱50.00 ,, ₱-   ,0,,0,₱0.00
,Hair Blackening,,, ₱10.00 ,, ₱-   ,1,,1,₱10.00
,Hair Brush,,, ₱25.00 ,, ₱-   ,2,,2,₱50.00
,Hair Clamp @15,,, ₱15.00 ,, ₱-   ,6,,6,₱90.00
,Hair Clamp @20,,, ₱20.00 ,, ₱-   ,0,,0,₱0.00
,Hair Clamp @25 HC 1025,,, ₱25.00 ,, ₱-   ,6,,6,₱150.00
,Hair Clamp @30p,,, ₱30.00 ,, ₱-   ,13,,13,₱390.00
,Hair Clamp @35p 717,,, ₱35.00 ,, ₱-   ,56,,56,"₱1,960.00"
,Hair Clamp @45,,, ₱45.00 ,, ₱-   ,0,,0,₱0.00
,Hair Clip @2for25p MC228 EACH 25,,, ₱25.00 ,, ₱-   ,9,,9,₱225.00
,HAIR CLIP MC850 PAIR,,, ₱25.00 ,, ₱-   ,6,,6,₱150.00
,Hair Clip @50 3 IN 1,,, ₱50.00 ,, ₱-   ,2,,2,₱100.00
,Hair Clip set @45p,,, ₱45.00 ,, ₱-   ,2,,2,₱90.00
,Hair Clip set @65p,,, ₱65.00 ,, ₱-   ,3,,3,₱195.00
,Hair Pin,,, ₱5.00 ,, ₱-   ,16,,16,₱80.00
,Hair Pin (8pcs per set),,, ₱10.00 ,, ₱-   ,0,,0,₱0.00
,Hair Sulod ,,, ₱10.00 ,, ₱-   ,21,,21,₱210.00
,Hair Thinning Scissors,,, ₱225.00 ,, ₱-   ,0,,0,₱0.00
,Hally Lotion 250mL,,₱75.00, ₱130.00 ,, ₱-   ,1,,1,₱130.00
,Hami san Facial Serum 15mL,,₱115.00, ₱180.00 ,, ₱-   ,7,,7,"₱1,260.00"
,Hami san Serum 30 ml,,, ₱250.00 ,, ₱-   ,5,,5,"₱1,250.00"
,Hami San Kojic Soap REFIL,,, ₱100.00 ,, ₱-   ,0,,0,₱0.00
,Hami San Night Cream 10g REFILL,,, ₱45.00 ,, ₱-   ,0,,0,₱0.00
,Hami San Premium Set,,, ₱260.00 ,, ₱-   ,0,,0,₱0.00
,Hami San Glass Skin toner 60 ml,,, ₱95.00 ,, ₱-   ,1,,1,₱95.00
,Hami San Premium Whitening Sunblock,,, ₱40.00 ,, ₱-   ,0,,0,₱0.00
,Hami San Toner Premium Whitening,,, ₱95.00 ,, ₱-   ,0,,0,₱0.00
,Hami San Whitening REJUV Set,,, ₱250.00 ,, ₱-   ,5,,5,"₱1,250.00"
,Hamisan Toner Premium Whitening 60ml,,, ₱95.00 ,, ₱-   ,0,,0,₱0.00
,Hamisan Whitening Whipped Soap REFILL,,, ₱95.00 ,, ₱-   ,0,,0,₱0.00
,Happy Bday Cake Topper,,, ₱40.00 ,, ₱-   ,0,,0,₱0.00
,Haviainas Slipper,,, ₱100.00 ,, ₱-   ,0,,0,₱0.00
,Haviainas Slipper @130,,, ₱130.00 ,, ₱-   ,6,,6,₱780.00
,Haviainas Slipper @50,,, ₱50.00 ,, ₱-   ,0,,0,₱0.00
,Haviainas Slipper @85,,, ₱85.00 ,, ₱-   ,0,,0,₱0.00
,Haviainas Slipper @95,,, ₱95.00 ,, ₱-   ,2,,2,₱190.00
,Headband @20p,,, ₱20.00 ,, ₱-   ,0,,0,₱0.00
,Hedband @ 45,,, ₱45.00 ,, ₱-   ,4,,4,₱180.00
,Headband @35p,,, ₱35.00 ,, ₱-   ,23,,23,₱805.00
,Headband @60,,, ₱65.00 ,, ₱-   ,1,,1,₱65.00
,Headband xmas,,, ₱55.00 ,, ₱-   ,3,,3,₱165.00
,Henna Wax 500mL ,,, ₱140.00 ,, ₱-   ,0,,0,₱0.00
,Highlighter ,,, ₱10.00 ,, ₱-   ,0,,0,₱0.00
,Highlighter (pack),,, ₱36.00 ,, ₱-   ,0,,0,₱0.00
,Hikari Skin  refill,,, ₱35.00 ,, ₱-   ,0,,0,₱0.00
,Hikari Skin Rejuv,,, ₱190.00 ,, ₱-   ,4,,4,₱760.00
,Hikari Skin Ultra Fresh Toner,,, ₱90.00 ,, ₱-   ,0,,0,₱0.00
,Hikari Skin Ultra Fresh Sunscreen ,,, ₱180.00 ,, ₱-   ,4,,4,₱720.00
,Hikari Ultra Dietary Supplement,,, ₱350.00 ,, ₱-   ,1,,1,₱350.00
,Hokkaido Graphing Notebook,,, ₱60.00 ,, ₱-   ,3,,3,₱180.00
,Honest Glow Blue Serum,,, ₱290.00 ,, ₱-   ,5,,5,"₱1,450.00"
,Honest Glow Glass Skin Serum Pink,,, ₱280.00 ,, ₱-   ,2,,2,₱560.00
,I.D Pin,,, ₱10.00 ,, ₱-   ,0,,0,₱0.00
,Ice Cold 150ml,,, ₱110.00 ,, ₱-   ,1,,1,₱110.00
,Ice Cold 500ml,,, ₱135.00 ,, ₱-   ,0,,0,₱0.00
,Ice Cream Chocolate,,, ₱5.00 ,, ₱-   ,0,,0,₱0.00
,Imax Index Card 4x6,,, ₱2.00 ,, ₱-   ,0,,0,₱0.00
,Initial Necklace,,, ₱100.00 ,, ₱-   ,0,,0,₱0.00
,Ipen 16 0.5 Fine Line,,, ₱10.00 ,, ₱-   ,0,,0,₱0.00
,Jordan Sandal for Men,,, ₱175.00 ,, ₱-   ,0,,0,₱0.00
,Jumbo Wax Crayons,,, ₱50.00 ,, ₱-   ,0,,0,₱0.00
,PRestige Kagayaku 70g soap bleaching,,, ₱60.00 ,, ₱-   ,5,,5,₱300.00
,CONDENSADA Kagayaku 70g soap bleaching,,, ₱50.00 ,, ₱-   ,2,,2,₱100.00
,ROSEMAR  Kagayaku 70g soap bleaching,,, ₱50.00 ,, ₱-   ,3,,3,₱150.00
,Keratin Hot Oil 1250ml,,, ₱200.00 ,, ₱-   ,3,,3,₱600.00
,Keychain,,, ₱15.00 ,, ₱-   ,0,,0,₱0.00
,Keychain Necklace ,,, ₱15.00 ,, ₱-   ,0,,0,₱0.00
,Kids KF94,,, ₱30.00 ,, ₱-   ,5,,5,₱150.00
,Kiffy Fied ,,, ₱140.00 ,, ₱-   ,7,,7,₱980.00
,Kingever Battery (AA),,, ₱25.00 ,, ₱-   ,0,,0,₱0.00
,Kingever Battery (AAA),,, ₱25.00 ,, ₱-   ,0,,0,₱0.00
,Kipling Wallet,,, ₱100.00 ,, ₱-   ,3,,3,₱300.00
,Kiss Beauty SUNSCREEN,,, ₱100.00 ,, ₱-   ,1,,1,₱100.00
,Kiss Beauty SUNSCREEN,,, ₱100.00 ,, ₱-   ,2,,2,₱200.00
,KK-837B Calculator,,, ₱100.00 ,, ₱-   ,0,,0,₱0.00
,Kojic Peeling Soap ROSEMAR,,, ₱55.00 ,, ₱-   ,0,,0,₱0.00
,Kojic San,,, ₱55.00 ,, ₱-   ,0,,0,₱0.00
,Kojic Soap 100g,,, ₱90.00 ,, ₱-   ,0,,0,₱0.00
,Koolies Organic Detoxifying Hand & Foot,,, ₱265.00 ,, ₱-   ,2,,2,₱530.00
,Korcs Oxidizer 12% 1000ml,,₱110.00, ₱130.00 ,, ₱-   ,2,,2,₱260.00
,Korcs Oxidizer 6% 1000ml,,₱110.00, ₱130.00 ,, ₱-   ,0,,0,₱0.00
,Korcs Oxidizer 9% 1000ml,,₱110.00, ₱130.00 ,, ₱-   ,1,,1,₱130.00
,Kuromi Kid Slipper,,, ₱210.00 ,, ₱-   ,0,,0,₱0.00
,kork board,,, ₱180.00 ,, ₱-   ,0,,0,₱0.00
,Lacoste Bag,,, ₱380.00 ,, ₱-   ,2,,2,₱760.00
,Lai Mei Comb & Mirror,,, ₱25.00 ,, ₱-   ,0,,0,₱0.00
,Larskin Lotion 250g,,, ₱250.00 ,, ₱-   ,1,,1,₱250.00
,Larskin Rejuv Set,,, ₱180.00 ,, ₱-   ,1,,1,₱180.00
,Larskin Whitening Body Soap,,, ₱150.00 ,, ₱-   ,1,,1,₱150.00
,Leidi Rebonding Set,,₱350.00, ₱440.00 ,, ₱-   ,2,,2,₱880.00
,Lesson Plan (Standard),,, ₱55.00 ,, ₱-   ,0,,0,₱0.00
,Lighter ,,, ₱15.00 ,, ₱-   ,0,,0,₱0.00
,Lightness Keratin Hair Mask Walnut 1000ml,,, ₱90.00 ,, ₱-   ,0,,0,₱0.00
,Lightness Rebonding,,, ₱390.00 ,, ₱-   ,1,,1,₱390.00
,Lightness Relaxer,,, ₱240.00 ,, ₱-   ,0,,0,₱0.00
,Lishou Coffee 150G,,, ₱330.00 ,, ₱-   ,3,,3,₱990.00
,Lishou Pack 100G,,, ₱250.00 ,, ₱-   ,1,,1,₱250.00
,Short Brown Envelope,,, ₱10.00 ,, ₱-   ,15,,15,₱150.00
,Long Brown Envelope,,, ₱15.00 ,, ₱-   ,20,,20,₱300.00
,Long Folder Brown,,, ₱15.00 ,, ₱-   ,0,,0,₱0.00
,SHORT FOLDER  BROWN,,, ₱10.00 ,, ₱-   ,15,,15,₱150.00
,Long Folder White ,,, ₱15.00 ,, ₱-   ,0,,0,₱0.00
,Long Skirt,,, ₱420.00 ,, ₱-   ,0,,0,₱0.00
,Loot Bag,,, ₱35.00 ,, ₱-   ,0,,0,₱0.00
,Love Skin Perfection Sunscreen,,, ₱180.00 ,, ₱-   ,7,,7,"₱1,260.00"
,Lucky Talcum Powder ,,, ₱85.00 ,, ₱-   ,3,,3,₱255.00
,Luxime Revival Facial  SUNSCREEN,,, ₱180.00 ,, ₱-   ,2,,2,₱360.00
,MAC Color Eyelash ,,, ₱35.00 ,, ₱-   ,2,,2,₱70.00
,Magic Lipstick,,, ₱55.00 ,, ₱-   ,3,,3,₱165.00
,Manicure Brush,,, ₱25.00 ,, ₱-   ,6,,6,₱150.00
,Manila Paper ,,, ₱8.00 ,, ₱-   ,15,,,₱120.00
,Maps ,,, ₱20.00 ,, ₱-   ,0,,0,₱0.00
,Marche Sandal,,, ₱130.00 ,, ₱-   ,0,,0,₱0.00
,Masking Tape 2 Inches,,, ₱55.00 ,, ₱-   ,3,,3,₱165.00
,Matrix Steel Wall,,, ₱15.00 ,, ₱-   ,0,,0,₱0.00
,Matte Lipstick Ashley 01H Cozy,,, ₱55.00 ,, ₱-   ,2,,2,₱110.00
,Max Stapler No.35,,, ₱55.00 ,, ₱-   ,2,,2,₱110.00
,Mediplast Band Aid,,, ₱2.00 ,, ₱-   ,60,,60,₱120.00
,Merry Xmas Paper Wrapper,,, ₱30.00 ,, ₱-   ,3,,3,₱90.00
,Merry Xmas Paper Wrapper,,, ₱10.00 ,, ₱-   ,8,,8,₱80.00
,Milky Gluta White Premium Soap ,,, ₱60.00 ,, ₱-   ,0,,0,₱0.00
,Mirror ,,, ₱60.00 ,, ₱-   ,6,,6,₱360.00
,Modelling Clay Bar,,, ₱40.00 ,, ₱-   ,0,,0,₱0.00
,Modelling Clay Bar,,, ₱25.00 ,, ₱-   ,0,,0,₱0.00
,Mouse & Pest Traps,,, ₱50.00 ,, ₱-   ,0,,0,₱0.00
,MS Style Sandal (AssortedSize/Color),,, ₱235.00 ,, ₱-   ,0,,0,₱0.00
,Multi-purpose Glue Gel,,,,, ₱-   ,0,,0,₱0.00
,Multi-purpose Rope,,, ₱35.00 ,, ₱-   ,0,,0,₱0.00
,Nail Cutter (Big),,, ₱50.00 ,, ₱-   ,0,,0,₱0.00
,Nail Cutter (Small),,, ₱40.00 ,, ₱-   ,5,,5,₱200.00
,Nail File,,, ₱10.00 ,, ₱-   ,0,,0,₱0.00
,Nail File Big,,, ₱20.00 ,, ₱-   ,2,,2,₱40.00
,Nail File Big,,, ₱25.00 ,, ₱-   ,1,,1,₱25.00
,Nail Lamp (UV Light),,₱800.00," ₱1,050.00 ",, ₱-   ,0,,0,₱0.00
,Nail Martayolit 100mL (Small) ,,, ₱15.00 ,, ₱-   ,0,,0,₱0.00
,Nail Martayolit 500mL,,, ₱105.00 ,, ₱-   ,0,,0,₱0.00
,Nail Martayolit 60mL (Big) ,,, ₱35.00 ,, ₱-   ,5,,5,₱175.00
,Nail Martayolit 30mL (small) ,,, ₱15.00 ,, ₱-   ,0,,0,₱0.00
,Nail Polish  Remover,,, ₱20.00 ,, ₱-   ,2,,2,₱40.00
,Nail Polish Remover 60mL,,, ₱35.00 ,, ₱-   ,12,,12,₱420.00
,Nature Glow Gluta Collagen Dietary Supplement (EXPIRED),,, ₱199.00 ,, ₱-   ,0,,0,₱0.00
,New Skin Rejuv,,, ₱250.00 ,, ₱-   ,0,,0,₱0.00
,Niacinamide Tawas Soap ,,, ₱65.00 ,, ₱-   ,7,,7,₱455.00
,Nicely Sandal (AssortedSize/Color),,, ₱235.00 ,, ₱-   ,0,,0,₱0.00
,Nike Slipper women,,, ₱225.00 ,, ₱-   ,0,,0,₱0.00
,Nike Slipper men,,, ₱200.00 ,, ₱-   ,0,,0,₱0.00
,Nipper,,, ₱60.00 ,, ₱-   ,1,,1,₱60.00
,Nipper (Gold),,, ₱140.00 ,, ₱-   ,1,,1,₱140.00
,Nipple tape Silicone PAIR,,, ₱45.00 ,, ₱-   ,11,,11,₱495.00
,Notebook Big w/Yarn,,, ₱29.00 ,, ₱-   ,36,,36,"₱1,044.00"
,Notebook Neo Brand ,,, ₱19.00 ,, ₱-   ,28,,28,₱532.00
,Notebook w/Yarn,,, ₱19.00 ,, ₱-   ,0,,0,₱0.00
,NRB Cream,,, ₱180.00 ,, ₱-   ,0,,0,₱0.00
,Number Candle (Assorted Numbers),,, ₱15.00 ,, ₱-   ,14,,14,₱210.00
,Nylon Lunch Box,,, ₱75.00 ,, ₱-   ,0,,0,₱0.00
,Packing Tape clear,,, ₱45.00 ,, ₱-   ,6,,6,₱270.00
,Packing Tape brown,,, ₱35.00 ,, ₱-   ,3,,3,₱105.00
,Packing Tape brown,,, ₱65.00 ,, ₱-   ,0,,0,₱0.00
,Padlock Medium,,, ₱35.00 ,, ₱-   ,0,,0,₱0.00
,Padlock Small,,, ₱25.00 ,, ₱-   ,0,,0,₱0.00
,Padlock Small large,,, ₱55.00 ,, ₱-   ,0,,0,₱0.00
,Pagoda 120mL,,, ₱155.00 ,, ₱-   ,1,,1,₱155.00
,Pagoda 60mL,,, ₱110.00 ,, ₱-   ,1,,1,₱110.00
,Panda Ballpen RED,,, ₱10.00 ,, ₱-   ,25,,25,₱250.00
,Panty Stockings,,, ₱50.00 ,, ₱-   ,0,,0,₱0.00
,Paper Bag (Baga),,, ₱35.00 ,, ₱-   ,0,,0,₱0.00
,Paper Bag (Big),,, ₱55.00 ,, ₱-   ,0,,0,₱0.00
,Paper Bag (Nipis),,, ₱20.00 ,, ₱-   ,0,,0,₱0.00
,Paper Bag Card Large ,,, ₱55.00 ,, ₱-   ,0,,0,₱0.00
,Paper Bag Card Medium ,,, ₱45.00 ,, ₱-   ,0,,0,₱0.00
,Paper Bag Medium Flower Design,,, ₱45.00 ,, ₱-   ,0,,0,₱0.00
,Paper Bag Sea,,, ₱25.00 ,, ₱-   ,0,,0,₱0.00
,Paper Bag Small w/ Card,,, ₱25.00 ,, ₱-   ,0,,0,₱0.00
,Paper Fastener ,,, ₱2.00 ,, ₱-   ,0,,0,₱0.00
,Paper Plate (small),,, ₱40.00 ,, ₱-   ,0,,0,₱0.00
,Paper Plate Holder,,, ₱150.00 ,, ₱-   ,0,,0,₱0.00
,Parafin Wax,,, ₱190.00 ,, ₱-   ,1,,1,₱190.00
,Party Hat ,,, ₱7.00 ,, ₱-   ,24,,24,₱168.00
,Party Popper ,,, ₱35.00 ,, ₱-   ,0,,0,₱0.00
,Party Sash ,,, ₱40.00 ,, ₱-   ,2,,2,₱80.00
,Payong (pink),,, ₱100.00 ,, ₱-   ,1,,1,₱100.00
,Payong (red),,, ₱180.00 ,, ₱-   ,0,,0,₱0.00
,PAYONG BIG HOLDER,,, ₱145.00 ,, ₱-   ,3,,3,₱435.00
,Payong Pambata,,, ₱90.00 ,, ₱-   ,0,,0,₱0.00
,Pearl Bracelet ,,, ₱90.00 ,, ₱-   ,8,,8,₱720.00
,Pearl Bracelet ,,, ₱50.00 ,, ₱-   ,0,,0,₱0.00
,Pearl Bugkot ,,, ₱20.00 ,, ₱-   ,0,,0,₱0.00
,Pearl Earrings,,, ₱15.00 ,, ₱-   ,12,,12,₱180.00
,Pearl Earrings @10p,,, ₱10.00 ,, ₱-   ,2,,2,₱20.00
,Pearl Set Jewelry,,, ₱100.00 ,, ₱-   ,0,,0,₱0.00
,SKIN CARE Peel & Renew REJUV,,, ₱230.00 ,, ₱-   ,2,,2,₱460.00
,Pencil Case,,, ₱50.00 ,, ₱-   ,3,,3,₱150.00
,Pencil Mongol 2,,, ₱10.00 ,, ₱-   ,24,,24,₱240.00
,Perfect Skin Extra Strenghtening Rejuv,,, ₱180.00 ,, ₱-   ,5,,5,₱900.00
,Perfect Skin Gluta Arbutin lotion,,, ₱280.00 ,, ₱-   ,2,,2,₱560.00
,Perfect Skin Hydrating Set,,₱150.00, ₱180.00 ,, ₱-   ,3,,3,₱540.00
,Perfect Skin Rejuv Set 2,,₱150.00, ₱180.00 ,, ₱-   ,3,,3,₱540.00
,Periodic Table,,, ₱18.00 ,, ₱-   ,0,,0,₱0.00
,Personal Collection sof fabcon,,, ₱285.00 ,, ₱-   ,1,,1,₱285.00
,Parag'N Bond paper long,,, ₱220.00 ,, ₱-   ,1,,1,₱220.00
,Parag'N Bond paper short QUEDA,,, ₱200.00 ,, ₱-   ,1,,1,₱200.00
,Paper copy Bond Paper Long,,, ₱220.00 ,, ₱-   ,0,,0,₱0.00
,PP Lite Bondpaper short,,, ₱190.00 ,, ₱-   ,1,,1,₱190.00
,Pimple Patch,,, ₱20.00 ,, ₱-   ,3,,3,₱60.00
,Pink Eyebrow,,, ₱25.00 ,, ₱-   ,2,,2,₱50.00
,Pink Glam Beauty Secrets Night Cream ,,, ₱45.00 ,, ₱-   ,0,,0,₱0.00
,Pinky Secret Fem Wash,,, ₱140.00 ,, ₱-   ,3,,3,₱420.00
,Plastic Cover Roll 10x5m,,, ₱35.00 ,, ₱-   ,3,,3,₱105.00
,Plastic Cover Roll 13x3m,,, ₱20.00 ,, ₱-   ,2,,2,₱40.00
,Plastic Envelope (Long),,, ₱15.00 ,, ₱-   ,0,,0,₱0.00
,Plastic Envelope (Short),,, ₱10.00 ,, ₱-   ,0,,0,₱0.00
,Plastic Envelope with Holder ,,, ₱55.00 ,, ₱-   ,4,,4,₱220.00
,Plastic Envelope with Holder (Zipperized),,, ₱25.00 ,, ₱-   ,3,,3,₱75.00
,Plastic Fork (25pcs),,, ₱15.00 ,, ₱-   ,0,,0,₱0.00
,Play Money ,,, ₱25.00 ,, ₱-   ,0,,0,₱0.00
,Pocket Notebook,,, ₱15.00 ,, ₱-   ,0,,0,₱0.00
,Political Map,,, ₱20.00 ,, ₱-   ,0,,0,₱0.00
,Polyester Thread,,, ₱5.00 ,, ₱-   ,0,,0,₱0.00
,Popsicle Sticks plain,,, ₱15.00 ,, ₱-   ,0,,0,₱0.00
,Popsicle Sticks colored,,, ₱25.00 ,, ₱-   ,0,,0,₱0.00
,Poster Paints ,,, ₱80.00 ,, ₱-   ,0,,0,₱0.00
,Prestige International Rejuv Set BAKIMAX,,, ₱220.00 ,, ₱-   ,1,,1,₱220.00
,Prestige Niacinamide Whitening Soap ,,, ₱50.00 ,, ₱-   ,1,,1,₱50.00
,Pretty & Fresh Rejuv Set,,, ₱290.00 ,, ₱-   ,1,,1,₱290.00
,Pretty Peach FEMININE WASH 150mL,,, ₱140.00 ,, ₱-   ,3,,3,₱420.00
,Probak Shaver,,, ₱10.00 ,, ₱-   ,14,,14,₱140.00
,Protractor ,,, ₱20.00 ,, ₱-   ,12,,12,₱240.00
,Puller,,, ₱15.00 ,, ₱-   ,0,,0,₱0.00
,Puller (Floral),,, ₱20.00 ,, ₱-   ,3,,3,₱60.00
,Pure Eyes Pomegranate ,,, ₱25.00 ,, ₱-   ,3,,3,₱75.00
,Pusher ,,, ₱40.00 ,, ₱-   ,0,,0,₱0.00
,Pusher w/cover,,, ₱40.00 ,, ₱-   ,0,,0,₱0.00
,Rabbit Eraser,,, ₱5.00 ,, ₱-   ,0,,0,₱0.00
,Rainbow Unicorn Magic Lipstick,,, ₱55.00 ,, ₱-   ,0,,0,₱0.00
,Record Book Big (150 pages) ,,, ₱70.00 ,, ₱-   ,5,,5,₱350.00
,Record Book Big (300 pages) ,,, ₱80.00 ,, ₱-   ,0,,0,₱0.00
,Record Book Mini (200 pages),,, ₱75.00 ,, ₱-   ,0,,0,₱0.00
,Relaxer,,, ₱235.00 ,, ₱-   ,7,,7,"₱1,645.00"
,Ranked tub refill,,, ₱120.00 ,, ₱-   ,1,,1,₱120.00
,Rene Foot Soak,,₱220.00, ₱390.00 ,, ₱-   ,0,,0,₱0.00
,Revenge Rejuv Set,,, ₱190.00 ,, ₱-   ,0,,0,₱0.00
,Revenge soap,,, ₱175.00 ,, ₱-   ,3,,3,₱525.00
,Revenge Sunblock Gel Cream ,,, ₱185.00 ,, ₱-   ,3,,3,₱555.00
,Revita Glow Insta Botox,,, ₱150.00 ,, ₱-   ,1,,1,₱150.00
,Ribbon Clip,,, ₱35.00 ,, ₱-   ,6,,6,₱210.00
,Ring 24k,,, ₱50.00 ,, ₱-   ,6,,6,₱300.00
,Reading Glass,,, ₱100.00 ,, ₱-   ,2,,2,₱200.00
,Roller Brush ,,, ₱95.00 ,, ₱-   ,0,,0,₱0.00
,Rosmar Bleaching Soap,,, ₱250.00 ,, ₱-   ,1,,1,₱250.00
,ROSMAR KALAMANSI SOAP,,, ₱250.00 ,, ₱-   ,2,,2,₱500.00
,Rosmar Gluta Peeling Soap 10x,,, ₱100.00 ,, ₱-   ,7,,7,₱700.00
,Rosmar Kagayaku condensada soap,,, ₱50.00 ,, ₱-   ,2,,2,₱100.00
,Rosmar Tawas Calamansi Soap,,, ₱150.00 ,, ₱-   ,2,,2,₱300.00
,Rosmar Bleasing soap,,, ₱50.00 ,, ₱-   ,3,,3,₱150.00
,Rosmar niacinamide premium soap,,, ₱50.00 ,, ₱-   ,3,,3,₱150.00
,Rubber Hair Band San rio,,, ₱10.00 ,, ₱-   ,16,,16,₱160.00
,Ruler @18,,, ₱18.00 ,, ₱-   ,0,,0,₱0.00
,Ruler Green & Blue ,,, ₱18.00 ,, ₱-   ,6,,6,₱108.00
,Ruler Set,,, ₱25.00 ,, ₱-   ,3,,3,₱75.00
,S.F.R Color Matte Lip Ink,,, ₱60.00 ,, ₱-   ,2,,2,₱120.00
,SAN RIO TUBE,,, ₱40.00 ,, ₱-   ,12,,12,₱480.00
,Sanrio Pack,,, ₱25.00 ,, ₱-   ,5,,5,₱125.00
,SCD Peeling Set,,, ₱420.00 ,, ₱-   ,1,,1,₱420.00
,Scotch Tape Super Small,,, ₱10.00 ,, ₱-   ,0,,0,₱0.00
,Scotch Tape Super Small ZH-53,,, ₱10.00 ,, ₱-   ,7,,7,₱70.00
,Scotch Tape ,,, ₱15.00 ,, ₱-   ,0,,0,₱0.00
,Scotch Tape ,,, ₱35.00 ,, ₱-   ,0,,0,₱0.00
,Scotch Tape,,, ₱40.00 ,, ₱-   ,0,,0,₱0.00
,Double sided 3/4,,, ₱50.00 ,, ₱-   ,0,,0,₱0.00
,DOUBLE SIDED JOY 1/2,,, ₱35.00 ,, ₱-   ,4,,4,₱140.00
,Double sided 3/4,,, ₱40.00 ,, ₱-   ,0,,0,₱0.00
,Double sided Baga,,, ₱65.00 ,, ₱-   ,0,,0,₱0.00
,SD Skin Rejuv,,, ₱225.00 ,, ₱-   ,2,,2,₱450.00
,Set Necklace Pearl,,, ₱80.00 ,, ₱-   ,0,,0,₱0.00
,Seven Days Power Sun Protect Sunscreen,,, ₱180.00 ,, ₱-   ,3,,3,₱540.00
,Seven Days Rejuv Set,,, ₱290.00 ,, ₱-   ,0,,0,₱0.00
,South girls Skin Expert Rejuv,,, ₱210.00 ,, ₱-   ,1,,1,₱210.00
,Shampoo  1.75L Apple,,, ₱195.00 ,, ₱-   ,0,,0,₱0.00
,Sharpener ?,,, ₱25.00 ,, ₱-   ,21,,21,₱525.00
,Shawill Lotion 500mL,,₱150.00, ₱199.00 ,, ₱-   ,2,,2,₱398.00
,Sheppu Appu Dietary Supplement,,₱300.00, ₱399.00 ,, ₱-   ,7,,7,"₱2,793.00"
,Sheppu Appu Refill sachet,,, ₱40.00 ,, ₱-   ,5,,5,₱200.00
,Shoes Glue,,, ₱10.00 ,, ₱-   ,22,,22,₱220.00
,Shole BARBER CAPE,,, ₱185.00 ,, ₱-   ,0,,0,₱0.00
,Shower Cap,,, ₱45.00 ,, ₱-   ,2,,2,₱90.00
,Shower Cap A&W,,, ₱35.00 ,, ₱-   ,3,,3,₱105.00
,Silk Gum Element Glue,,, ₱25.00 ,, ₱-   ,0,,0,₱0.00
,Simcard Globe,,, ₱70.00 ,, ₱-   ,0,,0,₱0.00
,Simple Pretty Lipstick,,, ₱179.00 ,, ₱-   ,2,,2,₱358.00
,Skeen Care hydrating SPF 50 ,,, ₱150.00 ,, ₱-   ,3,,3,₱450.00
,Skeen Care Sunblock Cream 10g,,, ₱190.00 ,, ₱-   ,1,,1,₱190.00
,Skin Fantasy Rejuv Set,,, ₱220.00 ,, ₱-   ,2,,2,₱440.00
,Skin Fighter 8g,,, ₱25.00 ,, ₱-   ,3,,3,₱75.00
,skin fighter 15g,,, ₱40.00 ,, ₱-   ,1,,1,₱40.00
,skin fighter 35g,,, ₱60.00 ,, ₱-   ,0,,0,₱0.00
,Skin Perfection Kojic 500g,,, ₱300.00 ,, ₱-   ,3,,3,₱900.00
,Skin Perfection Kojic 100g,,, ₱60.00 ,, ₱-   ,1,,1,₱60.00
,SKIN PERFECTION REJUV SET,,, ₱180.00 ,, ₱-   ,4,,4,₱720.00
,Skin Reborn,,, ₱290.00 ,, ₱-   ,1,,1,₱290.00
,Skin Soft Sunscreen,,, ₱190.00 ,, ₱-   ,5,,5,₱950.00
,Skin Touch Set A,,₱230.00, ₱270.00 ,, ₱-   ,2,,2,₱540.00
,Skin Touch Set B,,₱270.00, ₱340.00 ,, ₱-   ,2,,2,₱680.00
,Socks Adult 3IN 1,,, ₱50.00 ,, ₱-   ,8,,8,₱400.00
,Socks Kids3N 1,,, ₱50.00 ,, ₱-   ,8,,8,₱400.00
,Soft Card Holder A4,,, ₱15.00 ,, ₱-   ,0,,0,₱0.00
,Soft Card Holder Small,,, ₱10.00 ,, ₱-   ,0,,0,₱0.00
,Sora (Color) 9/37,,, ₱-   ,, ₱-   ,0,,0,₱0.00
,SORIKO KOJIC LOTION,,₱225.00, ₱275.00 ,, ₱-   ,1,,1,₱275.00
,Soriko Glutathione,,, ₱275.00 ,, ₱-   ,1,,1,₱275.00
,Soriko Goat's Milk,,, ₱270.00 ,, ₱-   ,2,,2,₱540.00
,SP Glowing Set ,,, ₱270.00 ,, ₱-   ,0,,0,₱0.00
,Sp night cream 10g refill,,, ₱35.00 ,, ₱-   ,5,,5,₱175.00
,SPF 20 SY Glow 10x Whitening soap ,,, ₱100.00 ,, ₱-   ,3,,3,₱300.00
,Spider Man Tsinelas,,, ₱80.00 ,, ₱-   ,1,,1,₱80.00
,Staple Bala TAKIR 8MM BOX,,, ₱60.00 ,, ₱-   ,2,,2,₱120.00
,Staple Bala #10,,, ₱15.00 ,, ₱-   ,0,,0,₱0.00
,Stationary Set,,, ₱25.00 ,, ₱-   ,0,,0,₱0.00
,Sticker ,,, ₱20.00 ,, ₱-   ,0,,0,₱0.00
,Sticker Cinderella,,, ₱20.00 ,, ₱-   ,3,,3,₱60.00
,PHOTOPAPER A4 JOY GLOSSSY ,,, ₱80.00 ,, ₱-   ,1,,1,₱80.00
, STICKY NOTE HEART,,, ₱15.00 ,, ₱-   ,7,,7,₱105.00
,Sticky Notes,,, ₱10.00 ,, ₱-   ,11,,11,₱110.00
,Strawberry Hair Straightening,,, ₱240.00 ,, ₱-   ,1,,1,₱240.00
,SUDLAY SPRING MAID,,, ₱25.00 ,, ₱-   ,1,,1,₱25.00
,Sudlay #008 aplicator,,, ₱50.00 ,, ₱-   ,0,,0,₱0.00
,Sunbright Hair Serum Pink,,, ₱90.00 ,, ₱-   ,0,,0,₱0.00
,Sunbright Series Bleaching Powder 30g,,, ₱30.00 ,, ₱-   ,0,,0,₱0.00
,Sunglasses Adult ,,, ₱100.00 ,, ₱-   ,27,,27,"₱2,700.00"
,Sunglasses Pambata ,,, ₱65.00 ,, ₱-   ,4,,4,₱260.00
,Sunwin Sandal (AssortedSize/Color),,, ₱235.00 ,, ₱-   ,0,,0,₱0.00
,Bremod Super Flex,,, ₱60.00 ,, ₱-   ,0,,0,₱0.00
,Swimming Goggles,,, ₱38.00 ,, ₱-   ,0,,0,₱0.00
,SY Glow 24k Rejuv,,, ₱260.00 ,, ₱-   ,4,,4,"₱1,040.00"
,SY Glow 24k Soap,,, ₱150.00 ,, ₱-   ,4,,4,₱600.00
,SY Glow Glass Skin Set,,, ₱198.00 ,, ₱-   ,5,,5,₱990.00
,SY GLOW 24K LTION,,, ₱330.00 ,, ₱-   ,5,,5,"₱1,650.00"
,SY Glow Ice Cream Lotion 250mL,,, ₱300.00 ,, ₱-   ,1,,1,₱300.00
,SY GLOW HYDRATING LOTION,,, ₱299.00 ,, ₱-   ,1,,1,₱299.00
,SY GLOW REJUV SET,,, ₱299.00 ,, ₱-   ,5,,5,"₱1,495.00"
,SY Glow Royal White Set,,, ₱285.00 ,, ₱-   ,3,,3,₱855.00
,SY Glow Sunscreen ,,, ₱200.00 ,, ₱-   ,9,,9,"₱1,800.00"
,SY Glow Triple Whitening 200mL,,, ₱330.00 ,, ₱-   ,5,,5,"₱1,650.00"
,Tape Dispenser,,, ₱110.00 ,, ₱-   ,0,,0,₱0.00
,Target Spray,,, ₱369.00 ,, ₱-   ,3,,3,"₱1,107.00"
,Terminator Hair Sulod,,, ₱15.00 ,, ₱-   ,36,,36,₱540.00
,Tissue neck,,,,, ₱-   ,0,,0,₱0.00
,Thumbtacks HEAVY DUTY ASST COLOR,,, ₱25.00 ,, ₱-   ,1,,1,₱25.00
,Tie Box,,, ₱15.00 ,, ₱-   ,0,,0,₱0.00
,Tokyo Vanilla Coffee,,, ₱370.00 ,, ₱-   ,3,,3,"₱1,110.00"
,Toothpick,,, ₱15.00 ,, ₱-   ,0,,0,₱0.00
,TRANSFORMED  TINTED SUN SCREEN 50 GMS,,, ₱190.00 ,, ₱-   ,1,,1,₱190.00
,Transformed  daily sunscreen 30 g,,, ₱135.00 ,, ₱-   ,1,,1,₱135.00
,TRANSFORMED TINTED SUNSCREEN 30 GMS,,, ₱145.00 ,, ₱-   ,1,,1,₱145.00
,Transformed glow 190 rejuv,,, ₱220.00 ,, ₱-   ,0,,0,₱0.00
,Trash Bag  MEDUIM,,, ₱50.00 ,, ₱-   ,1,,1,₱50.00
,Tuff 1000mL,,, ₱285.00 ,, ₱-   ,1,,1,₱285.00
,Two Hole Puncher,,, ₱45.00 ,, ₱-   ,1,,1,₱45.00
,Ultra ST Glue,,,,, ₱-   ,0,,0,₱0.00
,Valiant Columnar Notebook,,, ₱60.00 ,, ₱-   ,10,,10,₱600.00
,Valiant Record Book (300 pages),,, ₱75.00 ,, ₱-   ,0,,0,₱0.00
,Valiant Record Book (500 pages),,, ₱110.00 ,, ₱-   ,0,,0,₱0.00
,Vanda Elementary Themebook,,, ₱18.00 ,, ₱-   ,0,,0,₱0.00
,Vanda Graphing Notebook (Big),,, ₱75.00 ,, ₱-   ,3,,3,₱225.00
,Vanda Graphing Notebook (Small) ,,, ₱30.00 ,, ₱-   ,4,,4,₱120.00
,Vaseline Gluta-Hya 290mL,,, ₱375.00 ,, ₱-   ,3,,3,"₱1,125.00"
,VC Toner 500mL,,, ₱140.00 ,, ₱-   ,3,,3,₱420.00
,Vibrant (Color) 5/3,,, ₱40.00 ,, ₱-   ,0,,0,₱0.00
,Vibrant (Color) 8/33,,, ₱40.00 ,, ₱-   ,0,,0,₱0.00
,Vinyl Paper Clip,,, ₱40.00 ,, ₱-   ,3,,3,₱120.00
,Vista Praia Sandal,,, ₱150.00 ,, ₱-   ,1,,1,₱150.00
,Waffle TShirt,,,,, ₱-   ,0,,0,₱0.00
,Water Color,,, ₱35.00 ,, ₱-   ,0,,0,₱0.00
,Water Color ,,, ₱25.00 ,, ₱-   ,0,,0,₱0.00
,Water Color 12 colors,,, ₱35.00 ,, ₱-   ,0,,0,₱0.00
,Well Hair Repair & Maintenance 500g,,, ₱100.00 ,, ₱-   ,0,,0,₱0.00
,White Blast soap,,, ₱50.00 ,, ₱-   ,11,,11,₱550.00
,White Board,,, ₱140.00 ,, ₱-   ,0,,0,₱0.00
,White Board,,, ₱150.00 ,, ₱-   ,0,,0,₱0.00
,White Board,,, ₱45.00 ,, ₱-   ,0,,0,₱0.00
,Wrapper (Birthday),,, ₱10.00 ,, ₱-   ,6,,6,₱60.00
,Wrapper (Wedding),,, ₱10.00 ,, ₱-   ,6,,6,₱60.00
,Yarn,,, ₱10.00 ,, ₱-   ,15,,15,₱150.00
,Yasuy Beauty Day Cream,,, ₱185.00 ,, ₱-   ,2,,2,₱370.00
,Yasuy Beauty Set ,,, ₱290.00 ,, ₱-   ,4,,4,"₱1,160.00"
,YASUY BEAUTY SOAP,,, ₱100.00 ,, ₱-   ,4,,4,₱400.00
, YASUY GLASS SKIN SOAP,,, ₱55.00 ,, ₱-   ,0,,0,₱0.00
,Yasuy Tinted Sunscreen ,,, ₱199.00 ,, ₱-   ,1,,1,₱199.00
,Yatai Eraser,,, ₱8.00 ,, ₱-   ,0,,0,₱0.00
,Yellow Pad,,, ₱55.00 ,, ₱-   ,5,,5,₱275.00
,YLK Chocolate Milk Candy,,, ₱5.00 ,, ₱-   ,0,,0,₱0.00
,You Glow 70g Soap Beauty white,,₱140.00, ₱180.00 ,, ₱-   ,2,,2,₱360.00
,You Glow Beauty White Rejuv,,₱258.00, ₱299.00 ,, ₱-   ,4,,4,"₱1,196.00"
,You Glow Beauty White Sun Screen Bright Glow ,,, ₱250.00 ,, ₱-   ,1,,1,₱250.00
,You Glow Beauty White Sun Screen 1/2 ,,, ₱130.00 ,, ₱-   ,1,,1,₱130.00
,Ziplock White Cellophane,,, ₱55.00 ,, ₱-   ,0,,0,₱0.00
,Zipped Bag (small),,, ₱15.00 ,, ₱-   ,0,,0,₱0.00
,Glowyn Skin (Porcelain Whitening Lotion) 250ml,1/9/26,₱400.00, ₱480.00 ,,,1,,1,₱480.00
,Glowyn Premium Maintenance Set,1/9/27,₱215.00, ₱295.00 ,,,1,,,₱295.00
,Hikari Skin Essential Ultra Fresh Sunscreen,1/9/28,₱140.00, ₱180.00 ,,,10,,,"₱1,800.00"
,Glowyn Porcelain Milksoap,1/9/29,₱208.00, ₱249.00 ,,,1,,,₱249.00
,Bella Miss Baby Wipes,1/9/33,, ₱35.00 ,,,3,,,₱105.00
,Bella Miss Tissue,1/9/34,, ₱35.00 ,,,0,,,₱0.00
,Leidi Set Hair Rebonding ,1/9/35,₱350.00, ₱440.00 ,,,2,,,₱880.00
,,,,,,,,,,
,Organic Developer Cream,,, ₱380.00 ,, ₱-   ,0,,0,₱0.00
,Monaliza Hairwax,,, ₱60.00 ,,,4,,4,₱240.00
,Lightness Hairwax ,,, ₱60.00 ,,,0,,0,₱0.00
,Tiny Cellophane Small,,,,,,0,,0,₱0.00
,Tiny Cellophane Medium,,,,,,0,,0,₱0.00
,Spoon,,,,,,0,,0,₱0.00
,Fork,,, ₱25.00 ,,,0,,0,₱0.00
,Small Sudlanan Siomai,,,,,,0,,0,₱0.00
,Havaianass sandal BJ,,, ₱150.00 ,,,1,,1,₱150.00
,Jordan AJ,,, ₱175.00 ,,,0,,0,₱0.00
,Kids Sansal IJJ,,, ₱160.00 ,,,1,,1,₱160.00
,Havianas women EH,,, ₱95.00 ,,,1,,1,₱95.00
,Adidas men AB,,, ₱175.00 ,,,2,,2,₱350.00
,GTX Berken style IHE,,, ₱185.00 ,,,1,,1,₱185.00
,Adidas AJ,,, ₱175.00 ,,,0,,0,₱0.00
,GTX  Women,,, ₱180.00 ,,,2,,2,₱360.00
,FIKU adult,,, ₱140.00 ,,,0,,0,₱0.00
,Vista Praia Sandal IFE,,, ₱195.00 ,,,1,,1,₱195.00
,Nike girls,,, ₱260.00 ,,,0,,0,₱0.00
,GTX WOMEN NICELY,,, ₱180.00 ,,,1,,1,₱180.00
,Crocs Kids Sandal,,, ₱200.00 ,,,1,,1,₱200.00
,Havianas men BJ,,, ₱140.00 ,,,0,,0,₱0.00
,Vista Praia Sandal BJ,,, ₱160.00 ,,,0,,0,₱0.00
,Tsinelas Adult EJ,,, ₱110.00 ,,,2,,2,₱220.00
,Tsinelas  KIDS GA,,, ₱90.00 ,,,0,,0,₱0.00
,Butterfly clipp,,, ₱20.00 ,,,0,,0,₱0.00
,Flower clip,,, ₱15.00 ,,,0,,0,₱0.00
,Earings- KIB,,, ₱30.00 ,,,0,,0,₱0.00
,Earings- 52B,,, ₱30.00 ,,,0,,0,₱0.00
,Hair clam HC-882,,, ₱30.00 ,,,0,,0,₱0.00
,Hair clam HC-945,,, ₱35.00 ,,,0,,0,₱0.00
,Hair clam Mc- 572 ,,, ₱25.00 ,,,0,,0,₱0.00
,Hair clam Mc-717,,, ₱30.00 ,,,0,,0,₱0.00
,Sanrio Mc- 634,,, ₱40.00 ,,,0,,0,₱0.00
,Hair clam sunflower,,, ₱35.00 ,,,0,,0,₱0.00
,sun rio bugkot small Mc- 926,,, ₱25.00 ,,,0,,0,₱0.00
,Sunflower hair clam,,, ₱45.00 ,,,0,,0,₱0.00
,butterfly fly hairclam HC-1227,,, ₱25.00 ,,,0,,0,₱0.00
,Hair clam 1119,,, ₱20.00 ,,,0,,0,₱0.00
,Hair clam Mc  1119,,, ₱20.00 ,,,0,,0,₱0.00
,HC 529B pair,,, ₱15.00 ,,,0,,0,₱0.00
,HC 529A pair,,, ₱15.00 ,,,0,,0,₱0.00
,HPN 228,,, ₱25.00 ,,,0,,0,₱0.00
,Mc-882,,, ₱10.00 ,,,0,,0,₱0.00
,Hpn 258,,, ₱25.00 ,,,0,,0,₱0.00
,HC 1094,,, ₱15.00 ,,,0,,0,₱0.00
,HPN- 236,,, ₱20.00 ,,,0,,0,₱0.00
,Mc 800 Hair clam,,, ₱35.00 ,,,0,,0,₱0.00
,MC 957 head band,,, ₱65.00 ,,,0,,0,₱0.00
,Mc 1072 Hband,,, ₱65.00 ,,,0,,0,₱0.00
,Mc 771 Hair clam ,,, ₱35.00 ,,,0,,0,₱0.00
,HB 714 Headband,,, ₱25.00 ,,,0,,0,₱0.00
,Hc- 1885 hair clam small,,, ₱10.00 ,,,0,,0,₱0.00
,SYH 144 earings,,, ₱25.00 ,,,0,,0,₱0.00
,Head band small HB 641,,, ₱30.00 ,,,0,,0,₱0.00
,Head band  HB666,,, ₱35.00 ,, ₱-   ,0,,0,₱0.00
,Bracelet MC 1057,,, ₱50.00 ,,,0,,0,₱0.00
,Mc 985,,, ₱35.00 ,,,0,,0,₱0.00
,HP 958,,, ₱50.00 ,,,0,,0,₱0.00
,MC911 66101 3 in 1 pack,,, ₱30.00 ,,,0,,0,₱0.00
,MC 1074,,, ₱15.00 ,,,0,,0,₱0.00
,Hair clip MC1132,,, ₱20.00 ,,,0,,0,₱0.00
,hair rebbon MC 1069,,, ₱25.00 ,,,0,,0,₱0.00
,Head  band 4In 1,,, ₱120.00 ,,,0,,0,₱0.00
,HC Y4Ib small clip,,, ₱5.00 ,,,0,,0,₱0.00
,Laundry brush,,, ₱25.00 ,,,0,,0,₱0.00
,steel wall,,, ₱15.00 ,,,0,,0,₱0.00
,MC 860 hairpin,,, ₱20.00 ,, ₱-   ,0,,0,₱0.00
,MC 332 Hair  pen,,, ₱35.00 ,,,0,,0,₱0.00
,sponge,,, ₱15.00 ,,,0,,0,₱0.00
,Hair pin HPN 160,,, ₱30.00 ,,,0,,0,₱0.00
,Mc 879 star hairpin,,, ₱35.00 ,,,0,,0,₱0.00
,Hair pin 337,,, ₱25.00 ,,,0,,0,₱0.00
,HIKARI ULTRA WHITE MIRACLE SOAP,,, ₱250.00 ,,,3,,3,₱750.00
,GLOWEE BLEAACHING SOAP,,, ₱185.00 ,,,1,,,₱185.00
,HIKARI TINTED SUSCREEN,,, ₱299.00 ,,,1,,1,₱299.00
,HAMISAN ELITE CREAM,,, ₱250.00 ,,,5,,5,"₱1,250.00"
,HAMISAN HIJO SOAP,,, ₱205.00 ,,,4,,4,₱820.00
,CHEL COLAGEN INTENSE WHIT SOAP,,, ₱180.00 ,,,7,,7,"₱1,260.00"
,CHEL COLLAGEN  SOAP,,, ₱150.00 ,,,1,,1,₱150.00
,SNAIL WHITE WHIPP SOAP,,, ₱75.00 ,,,2,,2,₱150.00
,GLOWRIE BLEACHING SOAP ,,, ₱180.00 ,,,2,,2,₱360.00
,HABIBI MILKY FEELING SOAP,,, ₱50.00 ,,,8,,8,₱400.00
,SY GLOW REJU SET ,,, ₱300.00 ,,,2,,2,₱600.00
,SY GLOW PREMIUM SOAP ,,, ₱128.00 ,,,4,,2,₱256.00
,JENNIE MON BODY BOOSTER,,, ₱420.00 ,,,4,,4,"₱1,680.00"
,YOU GLOW  CAPSULE,,, ₱320.00 ,,,3,,3,₱960.00
,MIRACLE TAWAS CREAM,,, ₱120.00 ,,,4,,4,₱480.00
,HEAVENLY FRESH FEMININE WASH ,,, ₱250.00 ,,,4,,4,"₱1,000.00"
,PORCELANA ASTRINGENT,,, ₱120.00 ,,,7,,7,₱840.00
,PIKAS CREAM ,,, ₱250.00 ,,,2,,2,₱500.00
,SADOER NIACINAMIDE,,, ₱100.00 ,,,1,,1,₱100.00
,SKEENCARE PEKAS DUO,,, ₱220.00 ,,,1,,1,₱220.00
,VASELINE BRIGHTENING CREAM,,, ₱120.00 ,,,3,,3,₱360.00
,BAKUCHIOL RETINOL REJUV SERUM,,, ₱160.00 ,,,20,,2,₱320.00
,SKEEN CARE PEELING LOTION 100ML,,, ₱220.00 ,,,3,,3,₱660.00
,SKEEN CARE PEELING LOTION 50ML,,, ₱120.00 ,,,1,,1,₱120.00
,ASHLEY SHINE NIACINAMIDE 2 IN 1,,, ₱260.00 ,,,1,,1,₱260.00
,HABIBI SKIN INSTANT WHIT LOTION 100 GRMS ?,,, ₱350.00 ,,,2,,2,₱350.00
,HABIBI SKIN INSTANT WHIT LOTION ? 50 GMS,,, ₱220.00 ,,,4,,4,₱880.00
,NICOR PEACH RADIANCE CREAM,,, ₱130.00 ,,,1,,1,₱130.00
,LIP TINT SKIN LOVE PERFECTION,,, ₱150.00 ,,,1,,150,₱150.00
,DIANE PILLS ,,, ₱480.00 ,,,3,,3,"₱1,440.00"
,MAGIC BLUSHER CHEEK COLOR,,, ₱65.00 ,,,3,,3,₱195.00
,BLUSHER VANESSA,,, ₱80.00 ,,,3,,3,₱240.00
,KISS Beauty LIP TINT,,, ₱55.00 ,,,3,,3,₱165.00
,KISS BEAUTY LIPSTICK,,, ₱55.00 ,,,5,,5,₱275.00
,Monaliza MATT LIPSTICK,,, ₱55.00 ,,,3,,3,₱165.00
,ANNASA MATTE LIPSTICK,,, ₱55.00 ,,,1,,1,₱55.00
,SUNISA LIP GLOSS,,, ₱70.00 ,,,3,,3,₱210.00
,SOFT KISS TINT,,, ₱75.00 ,,,5,,5,₱375.00
,ERSHIQI LIPTINT,,, ₱60.00 ,,,2,,2,₱120.00
,SKYHIGH LIPSTICK,,, ₱70.00 ,,,2,,2,₱140.00
,SUMMER GIRL LIPTINT,,, ₱70.00 ,,,4,,4,₱280.00
,SUNISA EYEBROW GEL,,, ₱120.00 ,,,3,,3,₱360.00
,CANDY TINT ,,, ₱55.00 ,,,1,,1,₱55.00
,CHEL SERUM,,, ₱95.00 ,,,19,,19,"₱1,805.00"
,CHEL REJUV SET,,, ₱180.00 ,,,2,,2,₱360.00
,CHEL GLOWING SET,,, ₱180.00 ,,,5,,5,₱900.00
,CHEL INTENSE REJUV SET,,, ₱180.00 ,,,7,,2,"₱1,260.00"
,AGELESS BEAUTY REJUV SET,,, ₱180.00 ,,,1,,1,₱360.00
,AGELESS BEAUTY MAINTENANCE SET,,, ₱180.00 ,,,1,,1,₱180.00
,Tuff POWDER 1000mL,,, ₱140.00 ,,,1,,1,₱140.00
,DOVE SOAP ,,, ₱175.00 ,,,2,,2,₱350.00
,ALERT TOTPASTE,,, ₱159.00 ,,,3,,3,₱477.00
,SADOER COLLAGEN BODY LOTION?,,,,,,0,,0,₱0.00
,HANKEY  CREAM,,, ₱140.00 ,,,1,,1,₱140.00
,ORANGE PEELING LOTION,,, ₱100.00 ,,,1,,1,₱100.00
,OHLY ONE PAPAYA,,, ₱150.00 ,,,1,,1,₱150.00
,GLOWMING CAFÉ  LATTE,,,,,,1,,1,₱0.00
,GLOWMING POMEGRANATE ,,,,,,1,,1,₱0.00
,HAMISAN BEAUTY GLUTACOLLA DRINK,,,,,,1,,1,₱0.00
,REVENGE GLOW SLIMMING JUICE ,,, ₱250.00 ,,,1,,1,₱250.00
,ACAI BERRY FITGUM,,, ₱230.00 ,,,2,,2,₱460.00
,ACAI BERRY WEEKIT7,,, ₱200.00 ,,,2,,2,₱400.00
,GLUTTA LIPPO RED ICE TEA,,, ₱390.00 ,,,2,,2,₱780.00
,GLUTTA LIPPO RED ICE TEA SACHET,,, ₱40.00 ,,,2,,2,₱80.00
,TANAKO EYE PATCH 98%,,, ₱130.00 ,,,1,,1,₱130.00
,TANAKO POWDER,,, ₱50.00 ,,,1,,1,₱50.00
,BREMOD STYLING GEL,,, ₱140.00 ,,,2,,2,₱140.00
,KNEE PATCH ,,, ₱55.00 ,,,5,,5,₱275.00
,BONITA SUNFLOWER OIL,,, ₱180.00 ,,,2,,160,₱360.00
,COLD WAX ,,, ₱75.00 ,, ₱-   ,1,,1,₱75.00
,VICTORIA SECET ,,, ₱100.00 ,, ₱-   ,2,,2,₱200.00
,NIVEA UNDERARMS,,, ₱225.00 ,, ₱-   ,1,,1,₱225.00
,M FRAGRANCE PERFUME ,,, ₱175.00 ,, ₱-   ,3,,3,₱525.00
,JK BULGARI PERFUME,,, ₱180.00 ,, ₱-   ,1,,1,₱180.00
,Love Skin Perfection PERFUME,,, ₱150.00 ,, ₱-   ,1,,1,₱150.00
,AURORA SPRING,,, ₱180.00 ,, ₱-   ,7,,7,"₱1,260.00"
,WHITE DOVE BABY LOTION,,, ₱155.00 ,, ₱-   ,1,,1,₱155.00
,WHITE DOVE BABY SHAMPOO,,, ₱155.00 ,, ₱-   ,1,,1,₱155.00
,SCOBAN FLUORIDE ACTIVITY,,, ₱140.00 ,, ₱-   ,1,,1,₱140.00
,SACELADY PRESSED POWDER,,, ₱220.00 ,, ₱-   ,3,,3,₱660.00
,BRILLIANT KOJIC ACID SOAP 270 GRM,,, ₱250.00 ,, ₱-   ,1,,1,₱250.00
,BRILLIANT KOJIC ACID SOAP 210GRM,,, ₱210.00 ,, ₱-   ,1,,1,₱210.00
,ASHLEY CONCEALER,,, ₱70.00 ,, ₱-   ,3,,3,₱210.00
,MELIYA BAEUTY MAKE UP,,,,, ₱-   ,3,,3,₱0.00
,ASHLEY MAKE UP PALETTE,,, ₱140.00 ,, ₱-   ,1,,1,₱140.00
,BUFFER NAILS,,, ₱20.00 ,, ₱-   ,3,,3,₱60.00
,UYAAI BORNEOL SOLUTION 60ML,,, ₱90.00 ,, ₱-   ,3,,3,₱270.00
,UYAAI BORNEOL SOLUTION 120ML,,, ₱120.00 ,, ₱-   ,2,,2,₱240.00
,SHAQINUOEYEBROW GEL,,,,, ₱-   ,1,,1,₱0.00
,MYRA-E CAPSULE,,, ₱480.00 ,, ₱-   ,2,,2,₱960.00
,SY GLOW X10 BLEACHING CREAM,,, ₱310.00 ,, ₱-   ,2,,2,₱620.00
,SY GLOW 10X WHITENING,,, ₱95.00 ,, ₱-   ,7,,7,₱665.00
,NANO THE ELF WHITE DOSE,,, ₱420.00 ,, ₱-   ,4,,4,"₱1,680.00"
,HAMISAN  BEST  SET,,, ₱250.00 ,, ₱-   ,3,,3,₱750.00
,PINK GLAM RENEWAL SET,,, ₱180.00 ,, ₱-   ,1,,1,₱180.00
,RESET SASKIN REJUV SET,,, ₱280.00 ,, ₱-   ,1,,1,₱280.00
,88 TOTAL WHITE ,,, ₱285.00 ,, ₱-   ,2,,2,₱570.00
,PERFECT SKIN X 50 50 GRMS,,, ₱180.00 ,, ₱-   ,5,,5,₱900.00
,PERFECT SKIN X 50 15GRMS GRMS,,, ₱95.00 ,, ₱-   ,6,,6,₱570.00
,DR ALVIN REJUV ADVANCE 10 GRMS ,,, ₱85.00 ,, ₱-   ,3,,3,₱255.00
,BAUTY VAULT REJUV 50 GRMS ,,, ₱200.00 ,, ₱-   ,2,,2,₱400.00
,SKEENCARE  SUNBLOCK CREAM,,, ₱65.00 ,, ₱-   ,2,,2,₱130.00
,SERUM BOOSTED SKIN TINT,,, ₱150.00 ,, ₱-   ,1,,1,₱150.00
,Simple Pretty PRESSED POWDER,,, ₱159.00 ,, ₱-   ,1,,1,₱159.00
,VAPORIN 10ML,,, ₱200.00 ,, ₱-   ,3,,3,₱600.00
,FAIRY SKIN SUNSCREEN 10G,,, ₱60.00 ,, ₱-   ,2,,2,₱120.00
,AGELESS BEAUTY BABY CREAM,,, ₱150.00 ,, ₱-   ,3,,3,₱450.00
,BRILLIANT WHITENING FACIAL CREAM ,,, ₱95.00 ,, ₱-   ,3,,3,₱285.00
,BRILLIANT SUNSCREEN ,,, ₱95.00 ,, ₱-   ,3,,3,₱285.00
,BRILLIANT GEL CREAM SUBSREEN,,, ₱65.00 ,, ₱-   ,1,,1,₱65.00
,MEIYA BB CREAM,,,,, ₱-   ,2,,2,₱0.00
,MOIST SKINCARE BB CREAM,,, ₱35.00 ,, ₱-   ,1,,1,₱35.00
,SKINLOVE  PERFECTION TONER 120ML,,, ₱150.00 ,, ₱-   ,3,,3,₱450.00
,YASUY TONER,,, ₱90.00 ,, ₱-   ,2,,2,₱180.00
,AGELESS REJUV TONER ,,, ₱60.00 ,, ₱-   ,1,,1,₱60.00
,SKINTOUCH TONER,,, ₱95.00 ,,,1,,1,₱95.00
,SUGAR DOLLS FRESH GLOW ESSENCE,,, ₱180.00 ,, ₱-   ,1,,1,₱180.00
,LARSKIN TONER ,,, ₱60.00 ,, ₱-   ,1,,1,₱60.00
,7 DAYS TONERV,,, ₱110.00 ,, ₱-   ,3,,3,₱330.00
,ROSMAR REJUV TONER,,, ₱60.00 ,, ₱-   ,1,,1,₱60.00
,ROSMAR MILKY SUNCREEN MIST,,,,, ₱-   ,1,,1,₱0.00
,BRILLIANT AHA ALPHA HYDROXY ACID,,, ₱120.00 ,, ₱-   ,3,,3,₱360.00
,PERFECT SKIN REVITAGLOWLIFT INSTA BOTOX,,, ₱150.00 ,, ₱-   ,1,,1,₱150.00
,GLOWRIE NIACINAMIDE W/ SERUM,,,,, ₱-   ,1,,1,₱0.00
,CHEL GLASS SKIN ,,, ₱230.00 ,, ₱-   ,1,,1,₱230.00
,AKISS HYDRATING SERUM,,, ₱200.00 ,, ₱-   ,1,,1,₱200.00
,SY GLOW HYALURONIC SERUM,,,,, ₱-   ,1,,1,₱0.00
,SKEENCARE SUNBLOCK CREAM,,,,, ₱-   ,3,,3,₱0.00
,7 DAYS CREAM,,,,, ₱-   ,3,,3,₱0.00
,YASUY BEAUTY DAY CREAM ,,,,, ₱-   ,5,,5,₱0.00
,SOUTHGIRL REJUV CREAM,,, ₱40.00 ,, ₱-   ,1,,1,₱40.00
,BLOOMING PLUS CREAM,,,,, ₱-   ,1,,1,₱0.00
,LARSKIN DAY CREAM,,,,, ₱-   ,1,,1,₱0.00
,SKINTOUCH NIGHT CREAM 10G,,, ₱80.00 ,, ₱-   ,1,,1,₱80.00
,HIKARI DAY CREAM,,, ₱35.00 ,, ₱-   ,1,,1,₱35.00
,HAMISAN SUNBLOCK,,, ₱35.00 ,, ₱-   ,1,,1,₱35.00
,SCD SUNBLOCK CREAM TINT ,,, ₱19.00 ,, ₱-   ,2,,2,₱38.00
,BS SUNBLOCKER ,,, ₱65.00 ,, ₱-   ,1,,1,₱65.00
,SASKIN SUNSCREEN,,, ₱160.00 ,, ₱-   ,2,,2,₱320.00
,SKEENCARE PEELING LOTION ,,, ₱150.00 ,, ₱-   ,1,,1,₱150.00
,SCOBAN BREATH SPRAY,,,85.00,,,2,,,₱0.00
,GLOVES FOR FOOD USED 1 ,,,,,,,,,₱0.00
,M STYLE SANDAL ,,,350.00,,,3,,3,"₱1,050.00"
,COLSI SANDAL ,,,160.00,,,1,,1,₱160.00
,NEGRA SOAP ,,,55.00,,,10,,10,₱550.00
,SKINTOUCH SOAP,,,70.00,,,1,,1,₱70.00
,SKEENCARE PEELIG SOAP,,,70.00,,,2,,2,₱140.00
,HONEST GLOW SOAP,,,65.00,,,3,,2,₱195.00
,AGELESS BEAUTY KOJIC SOAP,,,50.00,,,1,,1,₱50.00
,AGELESS BEAUTY REJUV  SOAP,,,50.00,,,1,,1,₱50.00
,CB NIACINAMIDE SOAP BLACK,,,60.00,,,5,,5,₱300.00
,MINI NIACINAMIDE TAWAS SOAP,,,49.00,,,1,,1,₱49.00
,MILKY PEACH SOAP,,,55.00,,,3,,3,₱165.00
,CB NIACINAMIDE BERRY SOAP ,,,60.00,,,4,,4,₱240.00
,BRILLIANT MAINTENANCE SOAP,,,100.00,,,3,,3,₱300.00
,MY DREAM SKIN SOAP,,,50.00,,,4,,4,₱200.00
